-- MySQL dump 10.13  Distrib 8.0.43, for Linux (x86_64)
--
-- Host: localhost    Database: BeastWallpapers
-- ------------------------------------------------------
-- Server version	8.0.43-0ubuntu0.22.04.1

/*!40101 SET @OLD_CHARACTER_SET_CLIENT=@@CHARACTER_SET_CLIENT */;
/*!40101 SET @OLD_CHARACTER_SET_RESULTS=@@CHARACTER_SET_RESULTS */;
/*!40101 SET @OLD_COLLATION_CONNECTION=@@COLLATION_CONNECTION */;
/*!50503 SET NAMES utf8mb4 */;
/*!40103 SET @OLD_TIME_ZONE=@@TIME_ZONE */;
/*!40103 SET TIME_ZONE='+00:00' */;
/*!40014 SET @OLD_UNIQUE_CHECKS=@@UNIQUE_CHECKS, UNIQUE_CHECKS=0 */;
/*!40014 SET @OLD_FOREIGN_KEY_CHECKS=@@FOREIGN_KEY_CHECKS, FOREIGN_KEY_CHECKS=0 */;
/*!40101 SET @OLD_SQL_MODE=@@SQL_MODE, SQL_MODE='NO_AUTO_VALUE_ON_ZERO' */;
/*!40111 SET @OLD_SQL_NOTES=@@SQL_NOTES, SQL_NOTES=0 */;

--
-- Table structure for table `api_keys`
--

DROP TABLE IF EXISTS `api_keys`;
/*!40101 SET @saved_cs_client     = @@character_set_client */;
/*!50503 SET character_set_client = utf8mb4 */;
CREATE TABLE `api_keys` (
  `id` bigint unsigned NOT NULL AUTO_INCREMENT,
  `user_id` bigint unsigned NOT NULL,
  `name` varchar(255) CHARACTER SET utf8mb4 COLLATE utf8mb4_unicode_ci NOT NULL,
  `key` varchar(64) CHARACTER SET utf8mb4 COLLATE utf8mb4_unicode_ci NOT NULL,
  `last_used_at` timestamp NULL DEFAULT NULL,
  `expires_at` timestamp NULL DEFAULT NULL,
  `is_active` tinyint(1) NOT NULL DEFAULT '1',
  `created_at` timestamp NULL DEFAULT NULL,
  `updated_at` timestamp NULL DEFAULT NULL,
  PRIMARY KEY (`id`),
  UNIQUE KEY `api_keys_key_unique` (`key`),
  KEY `api_keys_user_id_foreign` (`user_id`),
  CONSTRAINT `api_keys_user_id_foreign` FOREIGN KEY (`user_id`) REFERENCES `users` (`id`) ON DELETE CASCADE
) ENGINE=InnoDB AUTO_INCREMENT=8 DEFAULT CHARSET=utf8mb4 COLLATE=utf8mb4_unicode_ci;
/*!40101 SET character_set_client = @saved_cs_client */;

--
-- Dumping data for table `api_keys`
--

LOCK TABLES `api_keys` WRITE;
/*!40000 ALTER TABLE `api_keys` DISABLE KEYS */;
INSERT INTO `api_keys` VALUES (7,1,'Admin','B9P2Neb5DJ3p6JjfxpaEenyALyEJlXpMp8LBYnjMgc9QIDDwe6dFLV39LuJcq7Vo','2025-10-14 14:43:46',NULL,1,'2025-10-14 14:43:13','2025-10-14 14:43:46');
/*!40000 ALTER TABLE `api_keys` ENABLE KEYS */;
UNLOCK TABLES;

--
-- Table structure for table `categories`
--

DROP TABLE IF EXISTS `categories`;
/*!40101 SET @saved_cs_client     = @@character_set_client */;
/*!50503 SET character_set_client = utf8mb4 */;
CREATE TABLE `categories` (
  `id` bigint unsigned NOT NULL AUTO_INCREMENT,
  `name` varchar(255) CHARACTER SET utf8mb4 COLLATE utf8mb4_unicode_ci NOT NULL,
  `slug` varchar(255) CHARACTER SET utf8mb4 COLLATE utf8mb4_unicode_ci NOT NULL,
  `parent_id` int NOT NULL DEFAULT '0',
  `position` int NOT NULL DEFAULT '0',
  `level` int NOT NULL DEFAULT '0',
  `status` int NOT NULL DEFAULT '1',
  `created_at` timestamp NULL DEFAULT NULL,
  `updated_at` timestamp NULL DEFAULT NULL,
  PRIMARY KEY (`id`)
) ENGINE=InnoDB DEFAULT CHARSET=utf8mb4 COLLATE=utf8mb4_unicode_ci;
/*!40101 SET character_set_client = @saved_cs_client */;

--
-- Dumping data for table `categories`
--

LOCK TABLES `categories` WRITE;
/*!40000 ALTER TABLE `categories` DISABLE KEYS */;
/*!40000 ALTER TABLE `categories` ENABLE KEYS */;
UNLOCK TABLES;

--
-- Table structure for table `failed_jobs`
--

DROP TABLE IF EXISTS `failed_jobs`;
/*!40101 SET @saved_cs_client     = @@character_set_client */;
/*!50503 SET character_set_client = utf8mb4 */;
CREATE TABLE `failed_jobs` (
  `id` bigint unsigned NOT NULL AUTO_INCREMENT,
  `uuid` varchar(255) CHARACTER SET utf8mb4 COLLATE utf8mb4_unicode_ci NOT NULL,
  `connection` text CHARACTER SET utf8mb4 COLLATE utf8mb4_unicode_ci NOT NULL,
  `queue` text CHARACTER SET utf8mb4 COLLATE utf8mb4_unicode_ci NOT NULL,
  `payload` longtext CHARACTER SET utf8mb4 COLLATE utf8mb4_unicode_ci NOT NULL,
  `exception` longtext CHARACTER SET utf8mb4 COLLATE utf8mb4_unicode_ci NOT NULL,
  `failed_at` timestamp NOT NULL DEFAULT CURRENT_TIMESTAMP,
  PRIMARY KEY (`id`),
  UNIQUE KEY `failed_jobs_uuid_unique` (`uuid`)
) ENGINE=InnoDB DEFAULT CHARSET=utf8mb4 COLLATE=utf8mb4_unicode_ci;
/*!40101 SET character_set_client = @saved_cs_client */;

--
-- Dumping data for table `failed_jobs`
--

LOCK TABLES `failed_jobs` WRITE;
/*!40000 ALTER TABLE `failed_jobs` DISABLE KEYS */;
/*!40000 ALTER TABLE `failed_jobs` ENABLE KEYS */;
UNLOCK TABLES;

--
-- Table structure for table `favourites`
--

DROP TABLE IF EXISTS `favourites`;
/*!40101 SET @saved_cs_client     = @@character_set_client */;
/*!50503 SET character_set_client = utf8mb4 */;
CREATE TABLE `favourites` (
  `id` bigint unsigned NOT NULL AUTO_INCREMENT,
  `created_at` timestamp NULL DEFAULT NULL,
  `updated_at` timestamp NULL DEFAULT NULL,
  PRIMARY KEY (`id`)
) ENGINE=InnoDB DEFAULT CHARSET=utf8mb4 COLLATE=utf8mb4_unicode_ci;
/*!40101 SET character_set_client = @saved_cs_client */;

--
-- Dumping data for table `favourites`
--

LOCK TABLES `favourites` WRITE;
/*!40000 ALTER TABLE `favourites` DISABLE KEYS */;
/*!40000 ALTER TABLE `favourites` ENABLE KEYS */;
UNLOCK TABLES;

--
-- Table structure for table `follows`
--

DROP TABLE IF EXISTS `follows`;
/*!40101 SET @saved_cs_client     = @@character_set_client */;
/*!50503 SET character_set_client = utf8mb4 */;
CREATE TABLE `follows` (
  `id` bigint unsigned NOT NULL AUTO_INCREMENT,
  `follower_id` bigint unsigned NOT NULL,
  `followee_id` bigint unsigned NOT NULL,
  `created_at` timestamp NULL DEFAULT NULL,
  `updated_at` timestamp NULL DEFAULT NULL,
  PRIMARY KEY (`id`),
  UNIQUE KEY `follows_follower_id_followee_id_unique` (`follower_id`,`followee_id`),
  KEY `follows_followee_id_index` (`followee_id`),
  CONSTRAINT `follows_followee_id_foreign` FOREIGN KEY (`followee_id`) REFERENCES `users` (`id`) ON DELETE CASCADE,
  CONSTRAINT `follows_follower_id_foreign` FOREIGN KEY (`follower_id`) REFERENCES `users` (`id`) ON DELETE CASCADE
) ENGINE=InnoDB AUTO_INCREMENT=39 DEFAULT CHARSET=utf8mb4 COLLATE=utf8mb4_unicode_ci;
/*!40101 SET character_set_client = @saved_cs_client */;

--
-- Dumping data for table `follows`
--

LOCK TABLES `follows` WRITE;
/*!40000 ALTER TABLE `follows` DISABLE KEYS */;
/*!40000 ALTER TABLE `follows` ENABLE KEYS */;
UNLOCK TABLES;

--
-- Table structure for table `likes`
--

DROP TABLE IF EXISTS `likes`;
/*!40101 SET @saved_cs_client     = @@character_set_client */;
/*!50503 SET character_set_client = utf8mb4 */;
CREATE TABLE `likes` (
  `id` bigint unsigned NOT NULL AUTO_INCREMENT,
  `user_id` bigint unsigned NOT NULL,
  `wallpaper_id` bigint unsigned NOT NULL,
  `created_at` timestamp NULL DEFAULT NULL,
  `updated_at` timestamp NULL DEFAULT NULL,
  PRIMARY KEY (`id`)
) ENGINE=InnoDB AUTO_INCREMENT=6 DEFAULT CHARSET=utf8mb4 COLLATE=utf8mb4_unicode_ci;
/*!40101 SET character_set_client = @saved_cs_client */;

--
-- Dumping data for table `likes`
--

LOCK TABLES `likes` WRITE;
/*!40000 ALTER TABLE `likes` DISABLE KEYS */;
INSERT INTO `likes` VALUES (1,3,2,'2025-09-18 13:59:51','2025-09-18 13:59:51'),(4,2,2,'2025-09-18 14:39:17','2025-09-18 14:39:17'),(5,2,1,'2025-09-21 11:41:12','2025-09-21 11:41:12');
/*!40000 ALTER TABLE `likes` ENABLE KEYS */;
UNLOCK TABLES;

--
-- Table structure for table `migrations`
--

DROP TABLE IF EXISTS `migrations`;
/*!40101 SET @saved_cs_client     = @@character_set_client */;
/*!50503 SET character_set_client = utf8mb4 */;
CREATE TABLE `migrations` (
  `id` int unsigned NOT NULL AUTO_INCREMENT,
  `migration` varchar(255) CHARACTER SET utf8mb4 COLLATE utf8mb4_unicode_ci NOT NULL,
  `batch` int NOT NULL,
  PRIMARY KEY (`id`)
) ENGINE=InnoDB AUTO_INCREMENT=22 DEFAULT CHARSET=utf8mb4 COLLATE=utf8mb4_unicode_ci;
/*!40101 SET character_set_client = @saved_cs_client */;

--
-- Dumping data for table `migrations`
--

LOCK TABLES `migrations` WRITE;
/*!40000 ALTER TABLE `migrations` DISABLE KEYS */;
INSERT INTO `migrations` VALUES (1,'2014_10_12_000000_create_users_table',1),(2,'2014_10_12_100000_create_password_resets_table',1),(3,'2019_08_19_000000_create_failed_jobs_table',1),(4,'2019_12_14_000001_create_personal_access_tokens_table',1),(5,'2024_02_22_090159_create_likes_table',1),(6,'2024_02_22_090238_create_favourites_table',1),(7,'2024_02_27_103253_create_wallpaper_categories_table',1),(8,'2024_02_29_114406_create_wallpaper_favourites_table',1),(9,'2024_02_29_114419_create_wallpaper_likes_table',1),(10,'2024_07_05_101345_create_wallpaper_comments_table',1),(11,'2024_07_11_073938_create_themes_table',1),(12,'2025_08_29_000001_add_media_fields_to_themes_table',1),(13,'2025_08_29_000002_create_wallpapers_table',1),(14,'2025_08_29_165216_categories',1),(15,'2025_09_01_000001_create_profile_posts_table',1),(16,'2025_09_01_000002_create_post_likes_table',1),(17,'2025_09_01_000003_create_post_comments_table',1),(18,'2025_09_01_000004_create_follows_table',1),(19,'2025_09_09_000003_add_owner_and_admin_to_wallpapers',1),(20,'2025_09_10_000001_add_hierarchy_to_categories',2),(21,'2025_10_18_231431_add_first_name_last_name_to_users_table',3);
/*!40000 ALTER TABLE `migrations` ENABLE KEYS */;
UNLOCK TABLES;

--
-- Table structure for table `password_resets`
--

DROP TABLE IF EXISTS `password_resets`;
/*!40101 SET @saved_cs_client     = @@character_set_client */;
/*!50503 SET character_set_client = utf8mb4 */;
CREATE TABLE `password_resets` (
  `email` varchar(255) CHARACTER SET utf8mb4 COLLATE utf8mb4_unicode_ci NOT NULL,
  `token` varchar(255) CHARACTER SET utf8mb4 COLLATE utf8mb4_unicode_ci NOT NULL,
  `created_at` timestamp NULL DEFAULT NULL,
  KEY `password_resets_email_index` (`email`)
) ENGINE=InnoDB DEFAULT CHARSET=utf8mb4 COLLATE=utf8mb4_unicode_ci;
/*!40101 SET character_set_client = @saved_cs_client */;

--
-- Dumping data for table `password_resets`
--

LOCK TABLES `password_resets` WRITE;
/*!40000 ALTER TABLE `password_resets` DISABLE KEYS */;
/*!40000 ALTER TABLE `password_resets` ENABLE KEYS */;
UNLOCK TABLES;

--
-- Table structure for table `personal_access_tokens`
--

DROP TABLE IF EXISTS `personal_access_tokens`;
/*!40101 SET @saved_cs_client     = @@character_set_client */;
/*!50503 SET character_set_client = utf8mb4 */;
CREATE TABLE `personal_access_tokens` (
  `id` bigint unsigned NOT NULL AUTO_INCREMENT,
  `tokenable_type` varchar(255) CHARACTER SET utf8mb4 COLLATE utf8mb4_unicode_ci NOT NULL,
  `tokenable_id` bigint unsigned NOT NULL,
  `name` varchar(255) CHARACTER SET utf8mb4 COLLATE utf8mb4_unicode_ci NOT NULL,
  `token` varchar(64) CHARACTER SET utf8mb4 COLLATE utf8mb4_unicode_ci NOT NULL,
  `abilities` text CHARACTER SET utf8mb4 COLLATE utf8mb4_unicode_ci,
  `last_used_at` timestamp NULL DEFAULT NULL,
  `created_at` timestamp NULL DEFAULT NULL,
  `updated_at` timestamp NULL DEFAULT NULL,
  PRIMARY KEY (`id`),
  UNIQUE KEY `personal_access_tokens_token_unique` (`token`),
  KEY `personal_access_tokens_tokenable_type_tokenable_id_index` (`tokenable_type`,`tokenable_id`)
) ENGINE=InnoDB AUTO_INCREMENT=9 DEFAULT CHARSET=utf8mb4 COLLATE=utf8mb4_unicode_ci;
/*!40101 SET character_set_client = @saved_cs_client */;

--
-- Dumping data for table `personal_access_tokens`
--

LOCK TABLES `personal_access_tokens` WRITE;
/*!40000 ALTER TABLE `personal_access_tokens` DISABLE KEYS */;
INSERT INTO `personal_access_tokens` VALUES (3,'App\\Models\\User',2,'test@test.com','5ae0575a1a3bffe15d88db3791bcaa78898bf14ca8d11ce547fee01b7013be41','[\"*\"]','2025-09-25 08:13:27','2025-09-18 14:39:01','2025-09-25 08:13:27'),(4,'App\\Models\\User',2,'test@test.com','49e46c429766ed4d237ad6340855b134b8c5ff4df83f9c1e8ecd89f319604a9b','[\"*\"]','2025-10-02 07:44:29','2025-09-21 11:56:20','2025-10-02 07:44:29'),(5,'App\\Models\\User',1,'admin@admin.com','35d6f7e5914d77672eac28a511d7bdd9f74aaff6244e9cb86959b2731d3bcbed','[\"*\"]',NULL,'2025-10-09 14:14:13','2025-10-09 14:14:13'),(6,'App\\Models\\User',1,'admin@admin.com','250ba3c9ef07987fd2fa44fdddc26f303e26d3450663618b6524aab7176be415','[\"*\"]','2025-10-12 11:24:46','2025-10-09 14:14:27','2025-10-12 11:24:46'),(7,'App\\Models\\User',5,'signup','11860b3a6254f51cff5c2815b89e3e7fe70f6dd06bbf4f14b3a54ebab7aceece','[\"*\"]',NULL,'2025-10-19 00:42:59','2025-10-19 00:42:59'),(8,'App\\Models\\User',5,'test@test.com','d44b6f570b497e784bf5b3e27ed9342bf9705b097d4e4c069454b2689be3e938','[\"*\"]','2025-10-19 00:48:26','2025-10-19 00:43:42','2025-10-19 00:48:26');
/*!40000 ALTER TABLE `personal_access_tokens` ENABLE KEYS */;
UNLOCK TABLES;

--
-- Table structure for table `post_comments`
--

DROP TABLE IF EXISTS `post_comments`;
/*!40101 SET @saved_cs_client     = @@character_set_client */;
/*!50503 SET character_set_client = utf8mb4 */;
CREATE TABLE `post_comments` (
  `id` bigint unsigned NOT NULL AUTO_INCREMENT,
  `profile_post_id` bigint unsigned NOT NULL,
  `user_id` bigint unsigned NOT NULL,
  `text` text CHARACTER SET utf8mb4 COLLATE utf8mb4_unicode_ci NOT NULL,
  `created_at` timestamp NULL DEFAULT NULL,
  `updated_at` timestamp NULL DEFAULT NULL,
  PRIMARY KEY (`id`),
  KEY `post_comments_user_id_foreign` (`user_id`),
  KEY `post_comments_profile_post_id_created_at_index` (`profile_post_id`,`created_at`),
  CONSTRAINT `post_comments_profile_post_id_foreign` FOREIGN KEY (`profile_post_id`) REFERENCES `profile_posts` (`id`) ON DELETE CASCADE,
  CONSTRAINT `post_comments_user_id_foreign` FOREIGN KEY (`user_id`) REFERENCES `users` (`id`) ON DELETE CASCADE
) ENGINE=InnoDB DEFAULT CHARSET=utf8mb4 COLLATE=utf8mb4_unicode_ci;
/*!40101 SET character_set_client = @saved_cs_client */;

--
-- Dumping data for table `post_comments`
--

LOCK TABLES `post_comments` WRITE;
/*!40000 ALTER TABLE `post_comments` DISABLE KEYS */;
/*!40000 ALTER TABLE `post_comments` ENABLE KEYS */;
UNLOCK TABLES;

--
-- Table structure for table `post_likes`
--

DROP TABLE IF EXISTS `post_likes`;
/*!40101 SET @saved_cs_client     = @@character_set_client */;
/*!50503 SET character_set_client = utf8mb4 */;
CREATE TABLE `post_likes` (
  `id` bigint unsigned NOT NULL AUTO_INCREMENT,
  `user_id` bigint unsigned NOT NULL,
  `profile_post_id` bigint unsigned NOT NULL,
  `created_at` timestamp NULL DEFAULT NULL,
  `updated_at` timestamp NULL DEFAULT NULL,
  PRIMARY KEY (`id`),
  UNIQUE KEY `post_likes_user_id_profile_post_id_unique` (`user_id`,`profile_post_id`),
  KEY `post_likes_profile_post_id_index` (`profile_post_id`),
  CONSTRAINT `post_likes_profile_post_id_foreign` FOREIGN KEY (`profile_post_id`) REFERENCES `profile_posts` (`id`) ON DELETE CASCADE,
  CONSTRAINT `post_likes_user_id_foreign` FOREIGN KEY (`user_id`) REFERENCES `users` (`id`) ON DELETE CASCADE
) ENGINE=InnoDB DEFAULT CHARSET=utf8mb4 COLLATE=utf8mb4_unicode_ci;
/*!40101 SET character_set_client = @saved_cs_client */;

--
-- Dumping data for table `post_likes`
--

LOCK TABLES `post_likes` WRITE;
/*!40000 ALTER TABLE `post_likes` DISABLE KEYS */;
/*!40000 ALTER TABLE `post_likes` ENABLE KEYS */;
UNLOCK TABLES;

--
-- Table structure for table `profile_posts`
--

DROP TABLE IF EXISTS `profile_posts`;
/*!40101 SET @saved_cs_client     = @@character_set_client */;
/*!50503 SET character_set_client = utf8mb4 */;
CREATE TABLE `profile_posts` (
  `id` bigint unsigned NOT NULL AUTO_INCREMENT,
  `user_id` bigint unsigned NOT NULL,
  `wallpaper_id` bigint unsigned NOT NULL,
  `caption` varchar(255) CHARACTER SET utf8mb4 COLLATE utf8mb4_unicode_ci DEFAULT NULL,
  `likes_count` bigint unsigned NOT NULL DEFAULT '0',
  `comments_count` bigint unsigned NOT NULL DEFAULT '0',
  `shares_count` bigint unsigned NOT NULL DEFAULT '0',
  `created_at` timestamp NULL DEFAULT NULL,
  `updated_at` timestamp NULL DEFAULT NULL,
  `deleted_at` timestamp NULL DEFAULT NULL,
  PRIMARY KEY (`id`),
  UNIQUE KEY `profile_posts_owner_user_id_wallpaper_id_unique` (`user_id`,`wallpaper_id`),
  KEY `profile_posts_owner_user_id_created_at_index` (`user_id`,`created_at`),
  KEY `profile_posts_wallpaper_id_index` (`wallpaper_id`),
  CONSTRAINT `profile_posts_owner_user_id_foreign` FOREIGN KEY (`user_id`) REFERENCES `users` (`id`) ON DELETE CASCADE,
  CONSTRAINT `profile_posts_wallpaper_id_foreign` FOREIGN KEY (`wallpaper_id`) REFERENCES `wallpapers` (`id`) ON DELETE CASCADE
) ENGINE=InnoDB DEFAULT CHARSET=utf8mb4 COLLATE=utf8mb4_unicode_ci;
/*!40101 SET character_set_client = @saved_cs_client */;

--
-- Dumping data for table `profile_posts`
--

LOCK TABLES `profile_posts` WRITE;
/*!40000 ALTER TABLE `profile_posts` DISABLE KEYS */;
/*!40000 ALTER TABLE `profile_posts` ENABLE KEYS */;
UNLOCK TABLES;

--
-- Table structure for table `users`
--

DROP TABLE IF EXISTS `users`;
/*!40101 SET @saved_cs_client     = @@character_set_client */;
/*!50503 SET character_set_client = utf8mb4 */;
CREATE TABLE `users` (
  `id` bigint unsigned NOT NULL AUTO_INCREMENT,
  `name` varchar(255) CHARACTER SET utf8mb4 COLLATE utf8mb4_unicode_ci NOT NULL,
  `first_name` varchar(255) COLLATE utf8mb4_unicode_ci DEFAULT NULL,
  `last_name` varchar(255) COLLATE utf8mb4_unicode_ci DEFAULT NULL,
  `email` varchar(255) CHARACTER SET utf8mb4 COLLATE utf8mb4_unicode_ci NOT NULL,
  `avatar` varchar(255) CHARACTER SET utf8mb4 COLLATE utf8mb4_unicode_ci DEFAULT NULL,
  `user_type` varchar(255) CHARACTER SET utf8mb4 COLLATE utf8mb4_unicode_ci NOT NULL DEFAULT '2',
  `email_verified_at` timestamp NULL DEFAULT NULL,
  `password` varchar(255) CHARACTER SET utf8mb4 COLLATE utf8mb4_unicode_ci NOT NULL,
  `reset_code` varchar(255) CHARACTER SET utf8mb4 COLLATE utf8mb4_unicode_ci DEFAULT NULL,
  `remember_token` varchar(100) CHARACTER SET utf8mb4 COLLATE utf8mb4_unicode_ci DEFAULT NULL,
  `created_at` timestamp NULL DEFAULT NULL,
  `updated_at` timestamp NULL DEFAULT NULL,
  PRIMARY KEY (`id`),
  UNIQUE KEY `users_email_unique` (`email`)
) ENGINE=InnoDB AUTO_INCREMENT=7 DEFAULT CHARSET=utf8mb4 COLLATE=utf8mb4_unicode_ci;
/*!40101 SET character_set_client = @saved_cs_client */;

--
-- Dumping data for table `users`
--

LOCK TABLES `users` WRITE;
/*!40000 ALTER TABLE `users` DISABLE KEYS */;
INSERT INTO `users` VALUES (1,'admin',NULL,NULL,'admin@admin.com',NULL,'1',NULL,'$2y$10$kUtvwtrjS01UuU73R5GAaeMazQ5KjUh2FzGo0D3bDCyF9UCrZ3kL2',NULL,NULL,'2025-09-18 13:29:40','2025-09-26 14:43:51'),(5,'test test','test','test','test@test.com',NULL,'2',NULL,'$2y$10$zF8.0O1eWjfa3vx8iv6F9u7CzUNcQ.HN16RwAOQbvehe1QteC2hSi','258483',NULL,'2025-10-19 00:42:59','2025-10-19 00:45:04'),(6,'Sofia',NULL,NULL,'sofiahameed2001@gmail.com',NULL,'2',NULL,'$2y$10$xX8cg8/ZTMAc.gGu0VdL/OqIsuJTdaFEvJzMze2LDXCyDEKxaUYom',NULL,NULL,'2025-10-20 08:17:41','2025-10-20 08:17:41');
/*!40000 ALTER TABLE `users` ENABLE KEYS */;
UNLOCK TABLES;

--
-- Table structure for table `wallpaper_categories`
--

DROP TABLE IF EXISTS `wallpaper_categories`;
/*!40101 SET @saved_cs_client     = @@character_set_client */;
/*!50503 SET character_set_client = utf8mb4 */;
CREATE TABLE `wallpaper_categories` (
  `id` bigint unsigned NOT NULL AUTO_INCREMENT,
  `parent_id` bigint unsigned DEFAULT NULL,
  `user_id` bigint DEFAULT NULL,
  `depth` int NOT NULL DEFAULT '0',
  `order` int NOT NULL DEFAULT '0',
  `category_name` varchar(255) CHARACTER SET utf8mb4 COLLATE utf8mb4_unicode_ci NOT NULL,
  `is_active` tinyint(1) NOT NULL DEFAULT '1',
  `created_at` timestamp NULL DEFAULT NULL,
  `updated_at` timestamp NULL DEFAULT NULL,
  PRIMARY KEY (`id`),
  KEY `wallpaper_categories_parent_id_foreign` (`parent_id`),
  CONSTRAINT `wallpaper_categories_parent_id_foreign` FOREIGN KEY (`parent_id`) REFERENCES `wallpaper_categories` (`id`) ON DELETE CASCADE
) ENGINE=InnoDB AUTO_INCREMENT=25 DEFAULT CHARSET=utf8mb4 COLLATE=utf8mb4_unicode_ci;
/*!40101 SET character_set_client = @saved_cs_client */;

--
-- Dumping data for table `wallpaper_categories`
--

LOCK TABLES `wallpaper_categories` WRITE;
/*!40000 ALTER TABLE `wallpaper_categories` DISABLE KEYS */;
INSERT INTO `wallpaper_categories` VALUES (11,NULL,NULL,0,1,'Wallpapers',1,'2025-09-30 11:05:29','2025-09-30 11:05:29'),(12,NULL,NULL,0,2,'Live Wallpapers',1,'2025-09-30 11:05:29','2025-09-30 11:05:29'),(20,12,1,1,0,'Cars',1,'2025-10-03 14:33:03','2025-10-03 14:33:03'),(21,12,1,1,0,'Shooting Wallpaper',1,'2025-10-04 06:50:55','2025-10-04 06:50:55'),(22,12,1,1,0,'Love',1,'2025-10-04 14:01:51','2025-10-04 14:01:51'),(23,12,1,1,0,'Don\'t Touch My Phone',1,'2025-10-04 15:04:14','2025-10-04 15:04:14'),(24,11,6,1,0,'Vibe Wallpapers',1,'2025-10-20 08:21:37','2025-10-20 08:21:37');
/*!40000 ALTER TABLE `wallpaper_categories` ENABLE KEYS */;
UNLOCK TABLES;

--
-- Table structure for table `wallpaper_comments`
--

DROP TABLE IF EXISTS `wallpaper_comments`;
/*!40101 SET @saved_cs_client     = @@character_set_client */;
/*!50503 SET character_set_client = utf8mb4 */;
CREATE TABLE `wallpaper_comments` (
  `id` bigint unsigned NOT NULL AUTO_INCREMENT,
  `wallpaper_id` bigint unsigned NOT NULL,
  `user_id` bigint unsigned NOT NULL,
  `comment` text CHARACTER SET utf8mb4 COLLATE utf8mb4_unicode_ci NOT NULL,
  `created_at` timestamp NULL DEFAULT NULL,
  `updated_at` timestamp NULL DEFAULT NULL,
  PRIMARY KEY (`id`)
) ENGINE=InnoDB AUTO_INCREMENT=8 DEFAULT CHARSET=utf8mb4 COLLATE=utf8mb4_unicode_ci;
/*!40101 SET character_set_client = @saved_cs_client */;

--
-- Dumping data for table `wallpaper_comments`
--

LOCK TABLES `wallpaper_comments` WRITE;
/*!40000 ALTER TABLE `wallpaper_comments` DISABLE KEYS */;
INSERT INTO `wallpaper_comments` VALUES (6,2,2,'Hi','2025-09-18 14:38:21','2025-09-18 14:38:21'),(7,1,2,'hello','2025-09-18 14:39:10','2025-09-18 14:39:10');
/*!40000 ALTER TABLE `wallpaper_comments` ENABLE KEYS */;
UNLOCK TABLES;

--
-- Table structure for table `wallpaper_favourites`
--

DROP TABLE IF EXISTS `wallpaper_favourites`;
/*!40101 SET @saved_cs_client     = @@character_set_client */;
/*!50503 SET character_set_client = utf8mb4 */;
CREATE TABLE `wallpaper_favourites` (
  `id` bigint unsigned NOT NULL AUTO_INCREMENT,
  `user_id` varchar(255) CHARACTER SET utf8mb4 COLLATE utf8mb4_unicode_ci NOT NULL,
  `wallpaper_id` varchar(255) CHARACTER SET utf8mb4 COLLATE utf8mb4_unicode_ci NOT NULL,
  `created_at` timestamp NULL DEFAULT NULL,
  `updated_at` timestamp NULL DEFAULT NULL,
  PRIMARY KEY (`id`)
) ENGINE=InnoDB DEFAULT CHARSET=utf8mb4 COLLATE=utf8mb4_unicode_ci;
/*!40101 SET character_set_client = @saved_cs_client */;

--
-- Dumping data for table `wallpaper_favourites`
--

LOCK TABLES `wallpaper_favourites` WRITE;
/*!40000 ALTER TABLE `wallpaper_favourites` DISABLE KEYS */;
/*!40000 ALTER TABLE `wallpaper_favourites` ENABLE KEYS */;
UNLOCK TABLES;

--
-- Table structure for table `wallpapers`
--

DROP TABLE IF EXISTS `wallpapers`;
/*!40101 SET @saved_cs_client     = @@character_set_client */;
/*!50503 SET character_set_client = utf8mb4 */;
CREATE TABLE `wallpapers` (
  `id` bigint unsigned NOT NULL AUTO_INCREMENT,
  `category_id` bigint unsigned NOT NULL,
  `title` varchar(255) CHARACTER SET utf8mb4 COLLATE utf8mb4_unicode_ci DEFAULT NULL,
  `file_path` varchar(255) CHARACTER SET utf8mb4 COLLATE utf8mb4_unicode_ci NOT NULL,
  `file_url` varchar(255) CHARACTER SET utf8mb4 COLLATE utf8mb4_unicode_ci NOT NULL,
  `media_type` varchar(255) CHARACTER SET utf8mb4 COLLATE utf8mb4_unicode_ci NOT NULL DEFAULT 'image',
  `thumbnail_url` text CHARACTER SET utf8mb4 COLLATE utf8mb4_unicode_ci,
  `mime_type` varchar(255) CHARACTER SET utf8mb4 COLLATE utf8mb4_unicode_ci DEFAULT NULL,
  `file_size` bigint unsigned DEFAULT NULL,
  `created_at` timestamp NULL DEFAULT NULL,
  `updated_at` timestamp NULL DEFAULT NULL,
  `user_id` bigint unsigned DEFAULT NULL,
  `is_admin` tinyint(1) NOT NULL DEFAULT '0',
  PRIMARY KEY (`id`),
  KEY `wallpapers_owner_user_id_foreign` (`user_id`),
  CONSTRAINT `wallpapers_owner_user_id_foreign` FOREIGN KEY (`user_id`) REFERENCES `users` (`id`) ON DELETE SET NULL
) ENGINE=InnoDB AUTO_INCREMENT=479 DEFAULT CHARSET=utf8mb4 COLLATE=utf8mb4_unicode_ci;
/*!40101 SET character_set_client = @saved_cs_client */;

--
-- Dumping data for table `wallpapers`
--

LOCK TABLES `wallpapers` WRITE;
/*!40000 ALTER TABLE `wallpapers` DISABLE KEYS */;
INSERT INTO `wallpapers` VALUES (5,6,'Ahmad Raza','wallpapers/1758898579_Fxq9bi.jpg','https://s3.us-east-005.backblazeb2.com/beast-wallpaper/wallpapers/1758898579_Fxq9bi.jpg','image',NULL,'image/jpeg',212693,'2025-09-26 14:56:22','2025-09-26 14:56:22',NULL,1),(6,7,'wewdsaefd','wallpapers/1758904451_pKt2uP.webp','https://s3.us-east-005.backblazeb2.com/beast-wallpaper/wallpapers/1758904451_pKt2uP.webp','image',NULL,'image/webp',974494,'2025-09-26 16:34:24','2025-09-26 16:34:24',1,1),(7,6,'srdfghj','wallpapers/1758904492_0RaBoa.webp','https://s3.us-east-005.backblazeb2.com/beast-wallpaper/wallpapers/1758904492_0RaBoa.webp','image',NULL,'image/webp',264246,'2025-09-26 16:34:54','2025-09-26 16:34:54',1,1),(30,21,'0829 2','wallpapers/1759560905_NaKSeh.mp4','https://s3.us-east-005.backblazeb2.com/beast-wallpaper/wallpapers/1759560905_NaKSeh.mp4','video','https://s3.us-east-005.backblazeb2.com/beast-wallpaper/wallpapers/thumbnails/thumb_1759560906_0nmotM.jpg','video/mp4',1480377,'2025-10-04 06:55:07','2025-10-04 06:55:07',1,1),(31,21,'0829 4','wallpapers/1759560907_FsLLF6.mp4','https://s3.us-east-005.backblazeb2.com/beast-wallpaper/wallpapers/1759560907_FsLLF6.mp4','video','https://s3.us-east-005.backblazeb2.com/beast-wallpaper/wallpapers/thumbnails/thumb_1759560908_tDmAnh.jpg','video/mp4',1249759,'2025-10-04 06:55:08','2025-10-04 06:55:08',1,1),(32,21,'0829 5','wallpapers/1759560908_t2vaJy.mp4','https://s3.us-east-005.backblazeb2.com/beast-wallpaper/wallpapers/1759560908_t2vaJy.mp4','video','https://s3.us-east-005.backblazeb2.com/beast-wallpaper/wallpapers/thumbnails/thumb_1759560908_NI9CGf.jpg','video/mp4',467705,'2025-10-04 06:55:09','2025-10-04 06:55:09',1,1),(33,21,'0829(1) 2','wallpapers/1759560909_UMSV3B.mp4','https://s3.us-east-005.backblazeb2.com/beast-wallpaper/wallpapers/1759560909_UMSV3B.mp4','video','https://s3.us-east-005.backblazeb2.com/beast-wallpaper/wallpapers/thumbnails/thumb_1759560909_YJVSwA.jpg','video/mp4',884701,'2025-10-04 06:55:10','2025-10-04 06:55:10',1,1),(34,21,'0829(2) 2','wallpapers/1759560910_svSEmI.mp4','https://s3.us-east-005.backblazeb2.com/beast-wallpaper/wallpapers/1759560910_svSEmI.mp4','video','https://s3.us-east-005.backblazeb2.com/beast-wallpaper/wallpapers/thumbnails/thumb_1759560911_Gk4LGz.jpg','video/mp4',1075942,'2025-10-04 06:55:11','2025-10-04 06:55:11',1,1),(35,21,'0829(2) 3','wallpapers/1759560939_7rTkKP.mp4','https://s3.us-east-005.backblazeb2.com/beast-wallpaper/wallpapers/1759560939_7rTkKP.mp4','video','https://s3.us-east-005.backblazeb2.com/beast-wallpaper/wallpapers/thumbnails/thumb_1759560941_1fqc90.jpg','video/mp4',1185873,'2025-10-04 06:55:41','2025-10-04 06:55:41',1,1),(36,21,'0829(4) 2','wallpapers/1759560941_TsVSyO.mp4','https://s3.us-east-005.backblazeb2.com/beast-wallpaper/wallpapers/1759560941_TsVSyO.mp4','video','https://s3.us-east-005.backblazeb2.com/beast-wallpaper/wallpapers/thumbnails/thumb_1759560941_pmYZKn.jpg','video/mp4',715232,'2025-10-04 06:55:41','2025-10-04 06:55:41',1,1),(37,21,'0829(9) 2','wallpapers/1759560941_nFx2dv.mp4','https://s3.us-east-005.backblazeb2.com/beast-wallpaper/wallpapers/1759560941_nFx2dv.mp4','video','https://s3.us-east-005.backblazeb2.com/beast-wallpaper/wallpapers/thumbnails/thumb_1759560942_hMwe0f.jpg','video/mp4',849595,'2025-10-04 06:55:43','2025-10-04 06:55:43',1,1),(38,21,'0829(9)','wallpapers/1759560943_9KcWEZ.mp4','https://s3.us-east-005.backblazeb2.com/beast-wallpaper/wallpapers/1759560943_9KcWEZ.mp4','video','https://s3.us-east-005.backblazeb2.com/beast-wallpaper/wallpapers/thumbnails/thumb_1759560944_NJtuWO.jpg','video/mp4',1117180,'2025-10-04 06:55:44','2025-10-04 06:55:44',1,1),(39,21,'0829(20) 2','wallpapers/1759560944_pOOoKI.mp4','https://s3.us-east-005.backblazeb2.com/beast-wallpaper/wallpapers/1759560944_pOOoKI.mp4','video','https://s3.us-east-005.backblazeb2.com/beast-wallpaper/wallpapers/thumbnails/thumb_1759560944_f4BOdS.jpg','video/mp4',910727,'2025-10-04 06:55:45','2025-10-04 06:55:45',1,1),(40,21,'0829(20)','wallpapers/1759560961_QVXJCy.mp4','https://s3.us-east-005.backblazeb2.com/beast-wallpaper/wallpapers/1759560961_QVXJCy.mp4','video','https://s3.us-east-005.backblazeb2.com/beast-wallpaper/wallpapers/thumbnails/thumb_1759560962_pp9iZP.jpg','video/mp4',535451,'2025-10-04 06:56:02','2025-10-04 06:56:02',1,1),(41,21,'0829(22)','wallpapers/1759560962_FYJs3T.mp4','https://s3.us-east-005.backblazeb2.com/beast-wallpaper/wallpapers/1759560962_FYJs3T.mp4','video','https://s3.us-east-005.backblazeb2.com/beast-wallpaper/wallpapers/thumbnails/thumb_1759560962_JIXbPu.jpg','video/mp4',834929,'2025-10-04 06:56:03','2025-10-04 06:56:03',1,1),(42,21,'0829(28)','wallpapers/1759560963_ustPPH.mp4','https://s3.us-east-005.backblazeb2.com/beast-wallpaper/wallpapers/1759560963_ustPPH.mp4','video','https://s3.us-east-005.backblazeb2.com/beast-wallpaper/wallpapers/thumbnails/thumb_1759560963_Cu1nNN.jpg','video/mp4',438080,'2025-10-04 06:56:03','2025-10-04 06:56:03',1,1),(43,20,'0829(26) 2','wallpapers/1759561164_EV8Sb0.mp4','https://s3.us-east-005.backblazeb2.com/beast-wallpaper/wallpapers/1759561164_EV8Sb0.mp4','video','https://s3.us-east-005.backblazeb2.com/beast-wallpaper/wallpapers/thumbnails/thumb_1759561165_vcXnyj.jpg','video/mp4',274981,'2025-10-04 06:59:26','2025-10-04 06:59:26',1,1),(44,20,'0829(29) 2','wallpapers/1759561166_pfwH8O.mp4','https://s3.us-east-005.backblazeb2.com/beast-wallpaper/wallpapers/1759561166_pfwH8O.mp4','video','https://s3.us-east-005.backblazeb2.com/beast-wallpaper/wallpapers/thumbnails/thumb_1759561166_8e1qt7.jpg','video/mp4',123332,'2025-10-04 06:59:26','2025-10-04 06:59:26',1,1),(45,20,'0829(30)','wallpapers/1759561166_QDoCj6.mp4','https://s3.us-east-005.backblazeb2.com/beast-wallpaper/wallpapers/1759561166_QDoCj6.mp4','video','https://s3.us-east-005.backblazeb2.com/beast-wallpaper/wallpapers/thumbnails/thumb_1759561166_AbCAq5.jpg','video/mp4',535851,'2025-10-04 06:59:27','2025-10-04 06:59:27',1,1),(46,20,'0829(34)','wallpapers/1759561167_JFVbXP.mp4','https://s3.us-east-005.backblazeb2.com/beast-wallpaper/wallpapers/1759561167_JFVbXP.mp4','video','https://s3.us-east-005.backblazeb2.com/beast-wallpaper/wallpapers/thumbnails/thumb_1759561167_71WMZz.jpg','video/mp4',669968,'2025-10-04 06:59:27','2025-10-04 06:59:27',1,1),(47,20,'0829(37)','wallpapers/1759561167_bTGPri.mp4','https://s3.us-east-005.backblazeb2.com/beast-wallpaper/wallpapers/1759561167_bTGPri.mp4','video','https://s3.us-east-005.backblazeb2.com/beast-wallpaper/wallpapers/thumbnails/thumb_1759561167_NRTGQg.jpg','video/mp4',531256,'2025-10-04 06:59:28','2025-10-04 06:59:28',1,1),(48,20,'0829(39)','wallpapers/1759561185_tJFuhE.mp4','https://s3.us-east-005.backblazeb2.com/beast-wallpaper/wallpapers/1759561185_tJFuhE.mp4','video','https://s3.us-east-005.backblazeb2.com/beast-wallpaper/wallpapers/thumbnails/thumb_1759561186_cSl5Lp.jpg','video/mp4',982539,'2025-10-04 06:59:46','2025-10-04 06:59:46',1,1),(49,20,'0829(41)','wallpapers/1759561186_iUtKL1.mp4','https://s3.us-east-005.backblazeb2.com/beast-wallpaper/wallpapers/1759561186_iUtKL1.mp4','video','https://s3.us-east-005.backblazeb2.com/beast-wallpaper/wallpapers/thumbnails/thumb_1759561186_DPUCW7.jpg','video/mp4',745601,'2025-10-04 06:59:47','2025-10-04 06:59:47',1,1),(50,20,'0829(43)','wallpapers/1759561187_2bpKcD.mp4','https://s3.us-east-005.backblazeb2.com/beast-wallpaper/wallpapers/1759561187_2bpKcD.mp4','video','https://s3.us-east-005.backblazeb2.com/beast-wallpaper/wallpapers/thumbnails/thumb_1759561187_rn3OZa.jpg','video/mp4',459740,'2025-10-04 06:59:47','2025-10-04 06:59:47',1,1),(51,20,'0829(44)','wallpapers/1759561187_UsFW92.mp4','https://s3.us-east-005.backblazeb2.com/beast-wallpaper/wallpapers/1759561187_UsFW92.mp4','video','https://s3.us-east-005.backblazeb2.com/beast-wallpaper/wallpapers/thumbnails/thumb_1759561187_wc8nS3.jpg','video/mp4',102488,'2025-10-04 06:59:48','2025-10-04 06:59:48',1,1),(52,20,'0829(53)','wallpapers/1759561188_ovyQ7T.mp4','https://s3.us-east-005.backblazeb2.com/beast-wallpaper/wallpapers/1759561188_ovyQ7T.mp4','video','https://s3.us-east-005.backblazeb2.com/beast-wallpaper/wallpapers/thumbnails/thumb_1759561188_mZTdJQ.jpg','video/mp4',309998,'2025-10-04 06:59:48','2025-10-04 06:59:48',1,1),(53,20,'0829(54)','wallpapers/1759561188_cx9POS.mp4','https://s3.us-east-005.backblazeb2.com/beast-wallpaper/wallpapers/1759561188_cx9POS.mp4','video','https://s3.us-east-005.backblazeb2.com/beast-wallpaper/wallpapers/thumbnails/thumb_1759561188_6Dmkh1.jpg','video/mp4',473146,'2025-10-04 06:59:49','2025-10-04 06:59:49',1,1),(54,20,'0829(55)','wallpapers/1759561189_VYDywp.mp4','https://s3.us-east-005.backblazeb2.com/beast-wallpaper/wallpapers/1759561189_VYDywp.mp4','video','https://s3.us-east-005.backblazeb2.com/beast-wallpaper/wallpapers/thumbnails/thumb_1759561189_H8LByU.jpg','video/mp4',327164,'2025-10-04 06:59:50','2025-10-04 06:59:50',1,1),(55,22,'0829','wallpapers/1759586534_lVUKM6.mp4','https://s3.us-east-005.backblazeb2.com/beast-wallpaper/wallpapers/1759586534_lVUKM6.mp4','video','https://s3.us-east-005.backblazeb2.com/beast-wallpaper/wallpapers/thumbnails/thumb_1759586536_ZvM8ge.jpg','video/mp4',1422343,'2025-10-04 14:02:17','2025-10-04 14:02:17',1,1),(56,22,'0829(3)','wallpapers/1759587586_Lxx8Xg.mp4','https://s3.us-east-005.backblazeb2.com/beast-wallpaper/wallpapers/1759587586_Lxx8Xg.mp4','video','https://s3.us-east-005.backblazeb2.com/beast-wallpaper/wallpapers/thumbnails/thumb_1759587587_q677Qz.jpg','video/mp4',1166553,'2025-10-04 14:19:48','2025-10-04 14:19:48',1,1),(57,22,'0829(4)','wallpapers/1759588300_RRRFwh.mp4','https://s3.us-east-005.backblazeb2.com/beast-wallpaper/wallpapers/1759588300_RRRFwh.mp4','video','https://s3.us-east-005.backblazeb2.com/beast-wallpaper/wallpapers/thumbnails/thumb_1759588301_L2QyQH.jpg','video/mp4',1170162,'2025-10-04 14:31:42','2025-10-04 14:31:42',1,1),(58,22,'0829(6)','wallpapers/1759589655_PpG6O2.mp4','https://s3.us-east-005.backblazeb2.com/beast-wallpaper/wallpapers/1759589655_PpG6O2.mp4','video','https://s3.us-east-005.backblazeb2.com/beast-wallpaper/wallpapers/thumbnails/thumb_1759589656_Hw94SN.jpg','video/mp4',534965,'2025-10-04 14:54:16','2025-10-04 14:54:16',1,1),(59,22,'0829(8)','wallpapers/1759589911_CQUUri.mp4','https://s3.us-east-005.backblazeb2.com/beast-wallpaper/wallpapers/1759589911_CQUUri.mp4','video','https://s3.us-east-005.backblazeb2.com/beast-wallpaper/wallpapers/thumbnails/thumb_1759589912_H59Bzs.jpg','video/mp4',616652,'2025-10-04 14:58:32','2025-10-04 14:58:32',1,1),(60,23,'0829(9)','wallpapers/1759590272_oqZMxj.mp4','https://s3.us-east-005.backblazeb2.com/beast-wallpaper/wallpapers/1759590272_oqZMxj.mp4','video','https://s3.us-east-005.backblazeb2.com/beast-wallpaper/wallpapers/thumbnails/thumb_1759590273_A3lMk9.jpg','video/mp4',1287345,'2025-10-04 15:04:34','2025-10-04 15:04:34',1,1),(61,21,'0829(10)','wallpapers/1759590486_nTEI72.mp4','https://s3.us-east-005.backblazeb2.com/beast-wallpaper/wallpapers/1759590486_nTEI72.mp4','video','https://s3.us-east-005.backblazeb2.com/beast-wallpaper/wallpapers/thumbnails/thumb_1759590487_65cDrN.jpg','video/mp4',1379664,'2025-10-04 15:08:07','2025-10-04 15:08:07',1,1),(62,22,'0829(13)','wallpapers/1759591111_othkRZ.mp4','https://s3.us-east-005.backblazeb2.com/beast-wallpaper/wallpapers/1759591111_othkRZ.mp4','video','https://s3.us-east-005.backblazeb2.com/beast-wallpaper/wallpapers/thumbnails/thumb_1759591112_9FA1mv.jpg','video/mp4',1236301,'2025-10-04 15:18:32','2025-10-04 15:18:32',1,1),(63,22,'0829(14)','wallpapers/1759591441_ZVrUg2.mp4','https://s3.us-east-005.backblazeb2.com/beast-wallpaper/wallpapers/1759591441_ZVrUg2.mp4','video','https://s3.us-east-005.backblazeb2.com/beast-wallpaper/wallpapers/thumbnails/thumb_1759591442_b0oMZy.jpg','video/mp4',1332943,'2025-10-04 15:24:02','2025-10-04 15:24:02',1,1),(64,22,'0829(15)','wallpapers/1759591742_kx9jUl.mp4','https://s3.us-east-005.backblazeb2.com/beast-wallpaper/wallpapers/1759591742_kx9jUl.mp4','video','https://s3.us-east-005.backblazeb2.com/beast-wallpaper/wallpapers/thumbnails/thumb_1759591743_UkrtxV.jpg','video/mp4',1202811,'2025-10-04 15:29:04','2025-10-04 15:29:04',1,1),(65,22,'0829(17)','wallpapers/1759592144_sQeLiH.mp4','https://s3.us-east-005.backblazeb2.com/beast-wallpaper/wallpapers/1759592144_sQeLiH.mp4','video','https://s3.us-east-005.backblazeb2.com/beast-wallpaper/wallpapers/thumbnails/thumb_1759592145_aZwTuB.jpg','video/mp4',1334250,'2025-10-04 15:35:46','2025-10-04 15:35:46',1,1),(66,23,'0829(18)','wallpapers/1759592506_EqXTI0.mp4','https://s3.us-east-005.backblazeb2.com/beast-wallpaper/wallpapers/1759592506_EqXTI0.mp4','video','https://s3.us-east-005.backblazeb2.com/beast-wallpaper/wallpapers/thumbnails/thumb_1759592506_LLWRRS.jpg','video/mp4',439188,'2025-10-04 15:41:47','2025-10-04 15:41:47',1,1),(67,23,'0829(19)','wallpapers/1759592700_KprDW1.mp4','https://s3.us-east-005.backblazeb2.com/beast-wallpaper/wallpapers/1759592700_KprDW1.mp4','video','https://s3.us-east-005.backblazeb2.com/beast-wallpaper/wallpapers/thumbnails/thumb_1759592701_QVA6Y0.jpg','video/mp4',1108733,'2025-10-04 15:45:02','2025-10-04 15:45:02',1,1),(68,22,'0829(22)','wallpapers/1759773891_Su6FAj.mp4','https://s3.us-east-005.backblazeb2.com/beast-wallpaper/wallpapers/1759773891_Su6FAj.mp4','video','https://s3.us-east-005.backblazeb2.com/beast-wallpaper/wallpapers/thumbnails/thumb_1759773892_39nxgE.jpg','video/mp4',1239882,'2025-10-06 18:04:53','2025-10-06 18:04:53',1,1),(70,24,'0031365903537897844-d','wallpapers/1760948571_tM9DnJ.jpeg','https://s3.us-east-005.backblazeb2.com/beast-wallpaper/wallpapers/1760948571_tM9DnJ.jpeg','image',NULL,'image/jpeg',25855,'2025-10-20 08:22:51','2025-10-20 08:22:51',6,1),(71,24,'0053397334715964880-d','wallpapers/1760948571_qE4QwS.jpeg','https://s3.us-east-005.backblazeb2.com/beast-wallpaper/wallpapers/1760948571_qE4QwS.jpeg','image',NULL,'image/jpeg',43155,'2025-10-20 08:22:52','2025-10-20 08:22:52',6,1),(72,24,'0070254427894571365-d','wallpapers/1760948572_fKtCfF.jpeg','https://s3.us-east-005.backblazeb2.com/beast-wallpaper/wallpapers/1760948572_fKtCfF.jpeg','image',NULL,'image/jpeg',94630,'2025-10-20 08:22:52','2025-10-20 08:22:52',6,1),(73,24,'0174927145544420719-d','wallpapers/1760948572_FQp5Bd.jpeg','https://s3.us-east-005.backblazeb2.com/beast-wallpaper/wallpapers/1760948572_FQp5Bd.jpeg','image',NULL,'image/jpeg',81153,'2025-10-20 08:22:52','2025-10-20 08:22:52',6,1),(74,24,'0179715549742140442-d','wallpapers/1760948572_dvMleM.jpeg','https://s3.us-east-005.backblazeb2.com/beast-wallpaper/wallpapers/1760948572_dvMleM.jpeg','image',NULL,'image/jpeg',172640,'2025-10-20 08:22:52','2025-10-20 08:22:52',6,1),(75,24,'0199727585308606585-d','wallpapers/1760948572_MpBUz4.webp','https://s3.us-east-005.backblazeb2.com/beast-wallpaper/wallpapers/1760948572_MpBUz4.webp','image',NULL,'image/webp',44454,'2025-10-20 08:22:52','2025-10-20 08:22:52',6,1),(76,24,'0342745137988048920-d','wallpapers/1760948572_xj8ZWv.jpeg','https://s3.us-east-005.backblazeb2.com/beast-wallpaper/wallpapers/1760948572_xj8ZWv.jpeg','image',NULL,'image/jpeg',300651,'2025-10-20 08:22:53','2025-10-20 08:22:53',6,1),(77,24,'0355712595345294751-d','wallpapers/1760948573_HqMmgt.jpeg','https://s3.us-east-005.backblazeb2.com/beast-wallpaper/wallpapers/1760948573_HqMmgt.jpeg','image',NULL,'image/jpeg',116772,'2025-10-20 08:22:53','2025-10-20 08:22:53',6,1),(78,24,'0392745599072398240-d','wallpapers/1760948573_x1r927.jpeg','https://s3.us-east-005.backblazeb2.com/beast-wallpaper/wallpapers/1760948573_x1r927.jpeg','image',NULL,'image/jpeg',110835,'2025-10-20 08:22:53','2025-10-20 08:22:53',6,1),(79,24,'0413837153849439608-d','wallpapers/1760948573_j3ts88.jpeg','https://s3.us-east-005.backblazeb2.com/beast-wallpaper/wallpapers/1760948573_j3ts88.jpeg','image',NULL,'image/jpeg',174818,'2025-10-20 08:22:53','2025-10-20 08:22:53',6,1),(80,24,'0490573451613745333-d','wallpapers/1760948573_JCyJ9z.jpeg','https://s3.us-east-005.backblazeb2.com/beast-wallpaper/wallpapers/1760948573_JCyJ9z.jpeg','image',NULL,'image/jpeg',1013696,'2025-10-20 08:22:53','2025-10-20 08:22:53',6,1),(81,24,'0507985462605511449-d','wallpapers/1760948573_CDluOJ.jpeg','https://s3.us-east-005.backblazeb2.com/beast-wallpaper/wallpapers/1760948573_CDluOJ.jpeg','image',NULL,'image/jpeg',107185,'2025-10-20 08:22:54','2025-10-20 08:22:54',6,1),(82,24,'0576061955708043806-d','wallpapers/1760948574_2fPFeD.jpeg','https://s3.us-east-005.backblazeb2.com/beast-wallpaper/wallpapers/1760948574_2fPFeD.jpeg','image',NULL,'image/jpeg',114481,'2025-10-20 08:22:54','2025-10-20 08:22:54',6,1),(83,24,'0594706748036648413-d','wallpapers/1760948574_LEKnHD.jpeg','https://s3.us-east-005.backblazeb2.com/beast-wallpaper/wallpapers/1760948574_LEKnHD.jpeg','image',NULL,'image/jpeg',77740,'2025-10-20 08:22:54','2025-10-20 08:22:54',6,1),(84,24,'0643774450865649764-d','wallpapers/1760948574_DfZ3fz.jpeg','https://s3.us-east-005.backblazeb2.com/beast-wallpaper/wallpapers/1760948574_DfZ3fz.jpeg','image',NULL,'image/jpeg',108686,'2025-10-20 08:22:54','2025-10-20 08:22:54',6,1),(85,24,'0644440796346565787-d','wallpapers/1760948574_eyqJHu.jpeg','https://s3.us-east-005.backblazeb2.com/beast-wallpaper/wallpapers/1760948574_eyqJHu.jpeg','image',NULL,'image/jpeg',159915,'2025-10-20 08:22:55','2025-10-20 08:22:55',6,1),(86,24,'0654470876155878336-d','wallpapers/1760948575_J51ptq.jpeg','https://s3.us-east-005.backblazeb2.com/beast-wallpaper/wallpapers/1760948575_J51ptq.jpeg','image',NULL,'image/jpeg',357467,'2025-10-20 08:22:55','2025-10-20 08:22:55',6,1),(87,24,'0655748086774135863-d','wallpapers/1760948575_yBvev3.jpeg','https://s3.us-east-005.backblazeb2.com/beast-wallpaper/wallpapers/1760948575_yBvev3.jpeg','image',NULL,'image/jpeg',306103,'2025-10-20 08:22:55','2025-10-20 08:22:55',6,1),(88,24,'0660797015585063084-d','wallpapers/1760948575_cXM9b3.jpeg','https://s3.us-east-005.backblazeb2.com/beast-wallpaper/wallpapers/1760948575_cXM9b3.jpeg','image',NULL,'image/jpeg',101138,'2025-10-20 08:22:55','2025-10-20 08:22:55',6,1),(89,24,'0682915641955054704-d','wallpapers/1760948575_Fhlxfo.jpeg','https://s3.us-east-005.backblazeb2.com/beast-wallpaper/wallpapers/1760948575_Fhlxfo.jpeg','image',NULL,'image/jpeg',170142,'2025-10-20 08:22:55','2025-10-20 08:22:55',6,1),(90,24,'0715931504640708595-d','wallpapers/1760948663_QNTaHk.jpeg','https://s3.us-east-005.backblazeb2.com/beast-wallpaper/wallpapers/1760948663_QNTaHk.jpeg','image',NULL,'image/jpeg',110554,'2025-10-20 08:24:24','2025-10-20 08:24:24',6,1),(91,24,'0716925409484917826-d','wallpapers/1760948664_cDUQ52.jpeg','https://s3.us-east-005.backblazeb2.com/beast-wallpaper/wallpapers/1760948664_cDUQ52.jpeg','image',NULL,'image/jpeg',409200,'2025-10-20 08:24:24','2025-10-20 08:24:24',6,1),(92,24,'0719068287549164249-d','wallpapers/1760948664_pdaUE5.jpeg','https://s3.us-east-005.backblazeb2.com/beast-wallpaper/wallpapers/1760948664_pdaUE5.jpeg','image',NULL,'image/jpeg',165046,'2025-10-20 08:24:24','2025-10-20 08:24:24',6,1),(93,24,'0741151460852979957-d','wallpapers/1760948664_6tRb5k.jpeg','https://s3.us-east-005.backblazeb2.com/beast-wallpaper/wallpapers/1760948664_6tRb5k.jpeg','image',NULL,'image/jpeg',64573,'2025-10-20 08:24:24','2025-10-20 08:24:24',6,1),(94,24,'0789859752105583606-d','wallpapers/1760948664_Wn5JIQ.webp','https://s3.us-east-005.backblazeb2.com/beast-wallpaper/wallpapers/1760948664_Wn5JIQ.webp','image',NULL,'image/webp',219694,'2025-10-20 08:24:25','2025-10-20 08:24:25',6,1),(95,24,'0792809834592775714-d','wallpapers/1760948665_6ekgVM.jpeg','https://s3.us-east-005.backblazeb2.com/beast-wallpaper/wallpapers/1760948665_6ekgVM.jpeg','image',NULL,'image/jpeg',87522,'2025-10-20 08:24:25','2025-10-20 08:24:25',6,1),(96,24,'0806197164729542849-d','wallpapers/1760948665_IPfutv.jpeg','https://s3.us-east-005.backblazeb2.com/beast-wallpaper/wallpapers/1760948665_IPfutv.jpeg','image',NULL,'image/jpeg',164173,'2025-10-20 08:24:25','2025-10-20 08:24:25',6,1),(97,24,'0807855927561385096-d','wallpapers/1760948665_EVg1IF.webp','https://s3.us-east-005.backblazeb2.com/beast-wallpaper/wallpapers/1760948665_EVg1IF.webp','image',NULL,'image/webp',88102,'2025-10-20 08:24:25','2025-10-20 08:24:25',6,1),(98,24,'0815374867762508306-d','wallpapers/1760948665_45GJuF.jpeg','https://s3.us-east-005.backblazeb2.com/beast-wallpaper/wallpapers/1760948665_45GJuF.jpeg','image',NULL,'image/jpeg',141722,'2025-10-20 08:24:25','2025-10-20 08:24:25',6,1),(99,24,'0833759413870384379-d','wallpapers/1760948665_TBQPsw.jpeg','https://s3.us-east-005.backblazeb2.com/beast-wallpaper/wallpapers/1760948665_TBQPsw.jpeg','image',NULL,'image/jpeg',378337,'2025-10-20 08:24:25','2025-10-20 08:24:25',6,1),(100,24,'0837503382759755924-d','wallpapers/1760948665_Gqe1wC.jpeg','https://s3.us-east-005.backblazeb2.com/beast-wallpaper/wallpapers/1760948665_Gqe1wC.jpeg','image',NULL,'image/jpeg',113440,'2025-10-20 08:24:25','2025-10-20 08:24:25',6,1),(101,24,'0855871739267650765-d','wallpapers/1760948665_acxR2E.jpeg','https://s3.us-east-005.backblazeb2.com/beast-wallpaper/wallpapers/1760948665_acxR2E.jpeg','image',NULL,'image/jpeg',480833,'2025-10-20 08:24:26','2025-10-20 08:24:26',6,1),(102,24,'0934315784831643980-d','wallpapers/1760948666_HfyaqN.jpeg','https://s3.us-east-005.backblazeb2.com/beast-wallpaper/wallpapers/1760948666_HfyaqN.jpeg','image',NULL,'image/jpeg',660027,'2025-10-20 08:24:26','2025-10-20 08:24:26',6,1),(103,24,'0951641614741667915-d','wallpapers/1760948666_OYYPYu.jpeg','https://s3.us-east-005.backblazeb2.com/beast-wallpaper/wallpapers/1760948666_OYYPYu.jpeg','image',NULL,'image/jpeg',289740,'2025-10-20 08:24:26','2025-10-20 08:24:26',6,1),(104,24,'0959535228615726520-d','wallpapers/1760948666_pvomE7.jpeg','https://s3.us-east-005.backblazeb2.com/beast-wallpaper/wallpapers/1760948666_pvomE7.jpeg','image',NULL,'image/jpeg',36054,'2025-10-20 08:24:26','2025-10-20 08:24:26',6,1),(105,24,'0980418664067435734-d','wallpapers/1760948666_d8K1eH.jpeg','https://s3.us-east-005.backblazeb2.com/beast-wallpaper/wallpapers/1760948666_d8K1eH.jpeg','image',NULL,'image/jpeg',31932,'2025-10-20 08:24:26','2025-10-20 08:24:26',6,1),(106,24,'1150494375753306433-d','wallpapers/1760948666_N7Tsut.jpeg','https://s3.us-east-005.backblazeb2.com/beast-wallpaper/wallpapers/1760948666_N7Tsut.jpeg','image',NULL,'image/jpeg',260141,'2025-10-20 08:24:26','2025-10-20 08:24:26',6,1),(107,24,'1161945164759106674-d','wallpapers/1760948666_CD4C3x.jpeg','https://s3.us-east-005.backblazeb2.com/beast-wallpaper/wallpapers/1760948666_CD4C3x.jpeg','image',NULL,'image/jpeg',745575,'2025-10-20 08:24:26','2025-10-20 08:24:26',6,1),(108,24,'1165406174911547696-d','wallpapers/1760948666_pkMI2z.jpeg','https://s3.us-east-005.backblazeb2.com/beast-wallpaper/wallpapers/1760948666_pkMI2z.jpeg','image',NULL,'image/jpeg',377190,'2025-10-20 08:24:27','2025-10-20 08:24:27',6,1),(109,24,'1174716568633165922-d','wallpapers/1760948667_Ddm9nd.jpeg','https://s3.us-east-005.backblazeb2.com/beast-wallpaper/wallpapers/1760948667_Ddm9nd.jpeg','image',NULL,'image/jpeg',54025,'2025-10-20 08:24:27','2025-10-20 08:24:27',6,1),(110,24,'1268748559958857047-d','wallpapers/1760948726_NYKVaG.jpeg','https://s3.us-east-005.backblazeb2.com/beast-wallpaper/wallpapers/1760948726_NYKVaG.jpeg','image',NULL,'image/jpeg',119782,'2025-10-20 08:25:27','2025-10-20 08:25:27',6,1),(111,24,'1322557334198338544-d','wallpapers/1760948727_Ss9DU0.jpeg','https://s3.us-east-005.backblazeb2.com/beast-wallpaper/wallpapers/1760948727_Ss9DU0.jpeg','image',NULL,'image/jpeg',75283,'2025-10-20 08:25:27','2025-10-20 08:25:27',6,1),(112,24,'1345983424080790872-d','wallpapers/1760948727_X54R9S.jpeg','https://s3.us-east-005.backblazeb2.com/beast-wallpaper/wallpapers/1760948727_X54R9S.jpeg','image',NULL,'image/jpeg',293000,'2025-10-20 08:25:28','2025-10-20 08:25:28',6,1),(113,24,'1363590455334317407-d','wallpapers/1760948728_ZgmG2g.jpeg','https://s3.us-east-005.backblazeb2.com/beast-wallpaper/wallpapers/1760948728_ZgmG2g.jpeg','image',NULL,'image/jpeg',488310,'2025-10-20 08:25:28','2025-10-20 08:25:28',6,1),(114,24,'1388824737759855183-d','wallpapers/1760948728_e1Dom4.jpeg','https://s3.us-east-005.backblazeb2.com/beast-wallpaper/wallpapers/1760948728_e1Dom4.jpeg','image',NULL,'image/jpeg',70290,'2025-10-20 08:25:28','2025-10-20 08:25:28',6,1),(115,24,'1425995035859764267-d','wallpapers/1760948728_p3mrzq.jpeg','https://s3.us-east-005.backblazeb2.com/beast-wallpaper/wallpapers/1760948728_p3mrzq.jpeg','image',NULL,'image/jpeg',1049795,'2025-10-20 08:25:28','2025-10-20 08:25:28',6,1),(116,24,'1475865908420891288-d','wallpapers/1760948728_0kyEs7.jpeg','https://s3.us-east-005.backblazeb2.com/beast-wallpaper/wallpapers/1760948728_0kyEs7.jpeg','image',NULL,'image/jpeg',131464,'2025-10-20 08:25:28','2025-10-20 08:25:28',6,1),(117,24,'1489698253563035674-d','wallpapers/1760948728_SnisyS.jpeg','https://s3.us-east-005.backblazeb2.com/beast-wallpaper/wallpapers/1760948728_SnisyS.jpeg','image',NULL,'image/jpeg',129939,'2025-10-20 08:25:29','2025-10-20 08:25:29',6,1),(118,24,'1513883335245492374-d','wallpapers/1760948729_oRWnxt.jpeg','https://s3.us-east-005.backblazeb2.com/beast-wallpaper/wallpapers/1760948729_oRWnxt.jpeg','image',NULL,'image/jpeg',103750,'2025-10-20 08:25:29','2025-10-20 08:25:29',6,1),(119,24,'1542758698290128346-d','wallpapers/1760948729_NGR3Oj.jpeg','https://s3.us-east-005.backblazeb2.com/beast-wallpaper/wallpapers/1760948729_NGR3Oj.jpeg','image',NULL,'image/jpeg',334194,'2025-10-20 08:25:29','2025-10-20 08:25:29',6,1),(120,24,'1544795107856879321-d','wallpapers/1760948729_RGunEq.jpeg','https://s3.us-east-005.backblazeb2.com/beast-wallpaper/wallpapers/1760948729_RGunEq.jpeg','image',NULL,'image/jpeg',722563,'2025-10-20 08:25:29','2025-10-20 08:25:29',6,1),(121,24,'1547194972540244071-d','wallpapers/1760948729_Qr7V3E.jpeg','https://s3.us-east-005.backblazeb2.com/beast-wallpaper/wallpapers/1760948729_Qr7V3E.jpeg','image',NULL,'image/jpeg',103412,'2025-10-20 08:25:29','2025-10-20 08:25:29',6,1),(122,24,'1550945743591723525-d','wallpapers/1760948729_bDQU4c.jpeg','https://s3.us-east-005.backblazeb2.com/beast-wallpaper/wallpapers/1760948729_bDQU4c.jpeg','image',NULL,'image/jpeg',381591,'2025-10-20 08:25:29','2025-10-20 08:25:29',6,1),(123,24,'1554433782325391843-d','wallpapers/1760948729_qJDQBe.jpeg','https://s3.us-east-005.backblazeb2.com/beast-wallpaper/wallpapers/1760948729_qJDQBe.jpeg','image',NULL,'image/jpeg',66049,'2025-10-20 08:25:30','2025-10-20 08:25:30',6,1),(124,24,'1582673029394534834-d','wallpapers/1760948730_u5v0Tk.jpeg','https://s3.us-east-005.backblazeb2.com/beast-wallpaper/wallpapers/1760948730_u5v0Tk.jpeg','image',NULL,'image/jpeg',62171,'2025-10-20 08:25:30','2025-10-20 08:25:30',6,1),(125,24,'1590587952878445867-d','wallpapers/1760948730_0Wpj2G.jpeg','https://s3.us-east-005.backblazeb2.com/beast-wallpaper/wallpapers/1760948730_0Wpj2G.jpeg','image',NULL,'image/jpeg',119782,'2025-10-20 08:25:30','2025-10-20 08:25:30',6,1),(126,24,'1619673628351276145-d','wallpapers/1760948730_khyWh3.jpeg','https://s3.us-east-005.backblazeb2.com/beast-wallpaper/wallpapers/1760948730_khyWh3.jpeg','image',NULL,'image/jpeg',166799,'2025-10-20 08:25:30','2025-10-20 08:25:30',6,1),(127,24,'1649179011557166446-d','wallpapers/1760948730_Ul642f.jpeg','https://s3.us-east-005.backblazeb2.com/beast-wallpaper/wallpapers/1760948730_Ul642f.jpeg','image',NULL,'image/jpeg',229818,'2025-10-20 08:25:30','2025-10-20 08:25:30',6,1),(128,24,'1679551949778241005-d','wallpapers/1760948730_3JhKK0.jpeg','https://s3.us-east-005.backblazeb2.com/beast-wallpaper/wallpapers/1760948730_3JhKK0.jpeg','image',NULL,'image/jpeg',65948,'2025-10-20 08:25:30','2025-10-20 08:25:30',6,1),(129,24,'1716627692555245722-d','wallpapers/1760948730_v4SrU0.jpeg','https://s3.us-east-005.backblazeb2.com/beast-wallpaper/wallpapers/1760948730_v4SrU0.jpeg','image',NULL,'image/jpeg',50171,'2025-10-20 08:25:30','2025-10-20 08:25:30',6,1),(130,24,'1720049596551864405-d','wallpapers/1760948764_9iW5pI.jpeg','https://s3.us-east-005.backblazeb2.com/beast-wallpaper/wallpapers/1760948764_9iW5pI.jpeg','image',NULL,'image/jpeg',178646,'2025-10-20 08:26:05','2025-10-20 08:26:05',6,1),(131,24,'1721940775451099586-d','wallpapers/1760948765_O4Exk2.jpeg','https://s3.us-east-005.backblazeb2.com/beast-wallpaper/wallpapers/1760948765_O4Exk2.jpeg','image',NULL,'image/jpeg',60571,'2025-10-20 08:26:05','2025-10-20 08:26:05',6,1),(132,24,'1757649125388479105-d','wallpapers/1760948765_LnjUou.jpeg','https://s3.us-east-005.backblazeb2.com/beast-wallpaper/wallpapers/1760948765_LnjUou.jpeg','image',NULL,'image/jpeg',235892,'2025-10-20 08:26:05','2025-10-20 08:26:05',6,1),(133,24,'1758604334338940891-d','wallpapers/1760948765_P1kC0C.jpeg','https://s3.us-east-005.backblazeb2.com/beast-wallpaper/wallpapers/1760948765_P1kC0C.jpeg','image',NULL,'image/jpeg',298690,'2025-10-20 08:26:05','2025-10-20 08:26:05',6,1),(134,24,'1759135184666731262-d','wallpapers/1760948765_z7C84c.jpeg','https://s3.us-east-005.backblazeb2.com/beast-wallpaper/wallpapers/1760948765_z7C84c.jpeg','image',NULL,'image/jpeg',81902,'2025-10-20 08:26:06','2025-10-20 08:26:06',6,1),(135,24,'1759187538425960741-d','wallpapers/1760948766_lP7V45.jpeg','https://s3.us-east-005.backblazeb2.com/beast-wallpaper/wallpapers/1760948766_lP7V45.jpeg','image',NULL,'image/jpeg',161874,'2025-10-20 08:26:06','2025-10-20 08:26:06',6,1),(136,24,'1763525798567016039-d','wallpapers/1760948766_YKmm2X.jpeg','https://s3.us-east-005.backblazeb2.com/beast-wallpaper/wallpapers/1760948766_YKmm2X.jpeg','image',NULL,'image/jpeg',24982,'2025-10-20 08:26:06','2025-10-20 08:26:06',6,1),(137,24,'1779095333433088748-d','wallpapers/1760948766_kQJC9D.jpeg','https://s3.us-east-005.backblazeb2.com/beast-wallpaper/wallpapers/1760948766_kQJC9D.jpeg','image',NULL,'image/jpeg',481800,'2025-10-20 08:26:06','2025-10-20 08:26:06',6,1),(138,24,'1847688350467063575-d','wallpapers/1760948766_Byvaqi.jpeg','https://s3.us-east-005.backblazeb2.com/beast-wallpaper/wallpapers/1760948766_Byvaqi.jpeg','image',NULL,'image/jpeg',671307,'2025-10-20 08:26:07','2025-10-20 08:26:07',6,1),(139,24,'1855984493774257594-d','wallpapers/1760948767_GZyLmW.jpeg','https://s3.us-east-005.backblazeb2.com/beast-wallpaper/wallpapers/1760948767_GZyLmW.jpeg','image',NULL,'image/jpeg',52005,'2025-10-20 08:26:07','2025-10-20 08:26:07',6,1),(140,24,'1903713573465043453-d','wallpapers/1760948767_uvba5P.jpeg','https://s3.us-east-005.backblazeb2.com/beast-wallpaper/wallpapers/1760948767_uvba5P.jpeg','image',NULL,'image/jpeg',194153,'2025-10-20 08:26:07','2025-10-20 08:26:07',6,1),(141,24,'1947256525762261572-d','wallpapers/1760948767_aY8VdK.jpeg','https://s3.us-east-005.backblazeb2.com/beast-wallpaper/wallpapers/1760948767_aY8VdK.jpeg','image',NULL,'image/jpeg',51833,'2025-10-20 08:26:07','2025-10-20 08:26:07',6,1),(142,24,'1984036503075347938-d','wallpapers/1760948767_mj5g3G.jpeg','https://s3.us-east-005.backblazeb2.com/beast-wallpaper/wallpapers/1760948767_mj5g3G.jpeg','image',NULL,'image/jpeg',32039,'2025-10-20 08:26:07','2025-10-20 08:26:07',6,1),(143,24,'1985807479432308420-d','wallpapers/1760948767_2Txq0L.jpeg','https://s3.us-east-005.backblazeb2.com/beast-wallpaper/wallpapers/1760948767_2Txq0L.jpeg','image',NULL,'image/jpeg',313404,'2025-10-20 08:26:08','2025-10-20 08:26:08',6,1),(144,24,'2056274789258482479-d','wallpapers/1760948768_7Q97HC.jpeg','https://s3.us-east-005.backblazeb2.com/beast-wallpaper/wallpapers/1760948768_7Q97HC.jpeg','image',NULL,'image/jpeg',63886,'2025-10-20 08:26:08','2025-10-20 08:26:08',6,1),(145,24,'2085858674215405707-d','wallpapers/1760948768_5gqqUB.jpeg','https://s3.us-east-005.backblazeb2.com/beast-wallpaper/wallpapers/1760948768_5gqqUB.jpeg','image',NULL,'image/jpeg',750912,'2025-10-20 08:26:08','2025-10-20 08:26:08',6,1),(146,24,'2102478546855057078-d','wallpapers/1760948768_pobUCo.jpeg','https://s3.us-east-005.backblazeb2.com/beast-wallpaper/wallpapers/1760948768_pobUCo.jpeg','image',NULL,'image/jpeg',98287,'2025-10-20 08:26:08','2025-10-20 08:26:08',6,1),(147,24,'2118526082456987943-d','wallpapers/1760948768_D08nOM.jpeg','https://s3.us-east-005.backblazeb2.com/beast-wallpaper/wallpapers/1760948768_D08nOM.jpeg','image',NULL,'image/jpeg',528228,'2025-10-20 08:26:08','2025-10-20 08:26:08',6,1),(148,24,'2178666933955448834-d','wallpapers/1760948768_xHhsYf.jpeg','https://s3.us-east-005.backblazeb2.com/beast-wallpaper/wallpapers/1760948768_xHhsYf.jpeg','image',NULL,'image/jpeg',159630,'2025-10-20 08:26:08','2025-10-20 08:26:08',6,1),(149,24,'2217169675524552726-d','wallpapers/1760948768_wdpUJf.jpeg','https://s3.us-east-005.backblazeb2.com/beast-wallpaper/wallpapers/1760948768_wdpUJf.jpeg','image',NULL,'image/jpeg',163090,'2025-10-20 08:26:08','2025-10-20 08:26:08',6,1),(150,24,'2230489270903599547-d','wallpapers/1760948796_Op5QRj.jpeg','https://s3.us-east-005.backblazeb2.com/beast-wallpaper/wallpapers/1760948796_Op5QRj.jpeg','image',NULL,'image/jpeg',78050,'2025-10-20 08:26:36','2025-10-20 08:26:36',6,1),(151,24,'2267858949427582704-d','wallpapers/1760948796_631SKq.jpeg','https://s3.us-east-005.backblazeb2.com/beast-wallpaper/wallpapers/1760948796_631SKq.jpeg','image',NULL,'image/jpeg',76102,'2025-10-20 08:26:37','2025-10-20 08:26:37',6,1),(152,24,'2314342893054578693-d','wallpapers/1760948797_FbWUai.jpeg','https://s3.us-east-005.backblazeb2.com/beast-wallpaper/wallpapers/1760948797_FbWUai.jpeg','image',NULL,'image/jpeg',152315,'2025-10-20 08:26:37','2025-10-20 08:26:37',6,1),(153,24,'2387571912361416566-d','wallpapers/1760948797_l0rnV7.webp','https://s3.us-east-005.backblazeb2.com/beast-wallpaper/wallpapers/1760948797_l0rnV7.webp','image',NULL,'image/webp',37614,'2025-10-20 08:26:37','2025-10-20 08:26:37',6,1),(154,24,'2489538251434076393-d','wallpapers/1760948797_iB2Kmc.jpeg','https://s3.us-east-005.backblazeb2.com/beast-wallpaper/wallpapers/1760948797_iB2Kmc.jpeg','image',NULL,'image/jpeg',144058,'2025-10-20 08:26:37','2025-10-20 08:26:37',6,1),(155,24,'2507753787698610565-d','wallpapers/1760948797_N8AeSp.jpeg','https://s3.us-east-005.backblazeb2.com/beast-wallpaper/wallpapers/1760948797_N8AeSp.jpeg','image',NULL,'image/jpeg',409661,'2025-10-20 08:26:37','2025-10-20 08:26:37',6,1),(156,24,'2513675246885481558-d','wallpapers/1760948797_UfnZPD.jpeg','https://s3.us-east-005.backblazeb2.com/beast-wallpaper/wallpapers/1760948797_UfnZPD.jpeg','image',NULL,'image/jpeg',74640,'2025-10-20 08:26:38','2025-10-20 08:26:38',6,1),(157,24,'2540357957593757626-d','wallpapers/1760948798_zm9jxf.jpeg','https://s3.us-east-005.backblazeb2.com/beast-wallpaper/wallpapers/1760948798_zm9jxf.jpeg','image',NULL,'image/jpeg',376698,'2025-10-20 08:26:38','2025-10-20 08:26:38',6,1),(158,24,'2592970658298994860-d','wallpapers/1760948798_BUuVUm.jpeg','https://s3.us-east-005.backblazeb2.com/beast-wallpaper/wallpapers/1760948798_BUuVUm.jpeg','image',NULL,'image/jpeg',522823,'2025-10-20 08:26:38','2025-10-20 08:26:38',6,1),(159,24,'2621152566455772792-d','wallpapers/1760948798_pJCfg7.jpeg','https://s3.us-east-005.backblazeb2.com/beast-wallpaper/wallpapers/1760948798_pJCfg7.jpeg','image',NULL,'image/jpeg',245470,'2025-10-20 08:26:38','2025-10-20 08:26:38',6,1),(160,24,'2694290260959588789-d','wallpapers/1760948798_NRikwu.jpeg','https://s3.us-east-005.backblazeb2.com/beast-wallpaper/wallpapers/1760948798_NRikwu.jpeg','image',NULL,'image/jpeg',242117,'2025-10-20 08:26:38','2025-10-20 08:26:38',6,1),(161,24,'2715451598883883773-d','wallpapers/1760948798_KBv7iN.jpeg','https://s3.us-east-005.backblazeb2.com/beast-wallpaper/wallpapers/1760948798_KBv7iN.jpeg','image',NULL,'image/jpeg',58249,'2025-10-20 08:26:39','2025-10-20 08:26:39',6,1),(162,24,'2786125398718517164-d','wallpapers/1760948799_MBJhk0.jpeg','https://s3.us-east-005.backblazeb2.com/beast-wallpaper/wallpapers/1760948799_MBJhk0.jpeg','image',NULL,'image/jpeg',152733,'2025-10-20 08:26:39','2025-10-20 08:26:39',6,1),(163,24,'2786175153488119672-d','wallpapers/1760948799_kmEC5K.jpeg','https://s3.us-east-005.backblazeb2.com/beast-wallpaper/wallpapers/1760948799_kmEC5K.jpeg','image',NULL,'image/jpeg',101689,'2025-10-20 08:26:39','2025-10-20 08:26:39',6,1),(164,24,'2795507427492486828-d','wallpapers/1760948799_KhA8Bb.jpeg','https://s3.us-east-005.backblazeb2.com/beast-wallpaper/wallpapers/1760948799_KhA8Bb.jpeg','image',NULL,'image/jpeg',168917,'2025-10-20 08:26:39','2025-10-20 08:26:39',6,1),(165,24,'2828736618099154245-d','wallpapers/1760948799_DJJHXk.jpeg','https://s3.us-east-005.backblazeb2.com/beast-wallpaper/wallpapers/1760948799_DJJHXk.jpeg','image',NULL,'image/jpeg',522685,'2025-10-20 08:26:39','2025-10-20 08:26:39',6,1),(166,24,'2867141418905953757-d','wallpapers/1760948799_k9zIxC.jpeg','https://s3.us-east-005.backblazeb2.com/beast-wallpaper/wallpapers/1760948799_k9zIxC.jpeg','image',NULL,'image/jpeg',288287,'2025-10-20 08:26:39','2025-10-20 08:26:39',6,1),(167,24,'2887254595788585394-d','wallpapers/1760948799_WlFtlu.jpeg','https://s3.us-east-005.backblazeb2.com/beast-wallpaper/wallpapers/1760948799_WlFtlu.jpeg','image',NULL,'image/jpeg',33900,'2025-10-20 08:26:40','2025-10-20 08:26:40',6,1),(168,24,'2887571366597181412-d','wallpapers/1760948800_Cw7Rc2.jpeg','https://s3.us-east-005.backblazeb2.com/beast-wallpaper/wallpapers/1760948800_Cw7Rc2.jpeg','image',NULL,'image/jpeg',55765,'2025-10-20 08:26:40','2025-10-20 08:26:40',6,1),(169,24,'2938554071864291286-d','wallpapers/1760948800_6l6Ote.jpeg','https://s3.us-east-005.backblazeb2.com/beast-wallpaper/wallpapers/1760948800_6l6Ote.jpeg','image',NULL,'image/jpeg',127309,'2025-10-20 08:26:40','2025-10-20 08:26:40',6,1),(170,24,'2947214715404594017-d','wallpapers/1760948832_q5grTY.jpeg','https://s3.us-east-005.backblazeb2.com/beast-wallpaper/wallpapers/1760948832_q5grTY.jpeg','image',NULL,'image/jpeg',149558,'2025-10-20 08:27:13','2025-10-20 08:27:13',6,1),(171,24,'2949729932308055740-d','wallpapers/1760948833_Cei517.jpeg','https://s3.us-east-005.backblazeb2.com/beast-wallpaper/wallpapers/1760948833_Cei517.jpeg','image',NULL,'image/jpeg',114257,'2025-10-20 08:27:13','2025-10-20 08:27:13',6,1),(172,24,'2985429725864724780-d','wallpapers/1760948833_B5dug4.jpeg','https://s3.us-east-005.backblazeb2.com/beast-wallpaper/wallpapers/1760948833_B5dug4.jpeg','image',NULL,'image/jpeg',83451,'2025-10-20 08:27:13','2025-10-20 08:27:13',6,1),(173,24,'2987586972363896489-d','wallpapers/1760948833_6zJ3HW.jpeg','https://s3.us-east-005.backblazeb2.com/beast-wallpaper/wallpapers/1760948833_6zJ3HW.jpeg','image',NULL,'image/jpeg',51591,'2025-10-20 08:27:13','2025-10-20 08:27:13',6,1),(174,24,'3025795871024477989-d','wallpapers/1760948833_TvdppW.jpeg','https://s3.us-east-005.backblazeb2.com/beast-wallpaper/wallpapers/1760948833_TvdppW.jpeg','image',NULL,'image/jpeg',160583,'2025-10-20 08:27:14','2025-10-20 08:27:14',6,1),(175,24,'3240459358723998143-d','wallpapers/1760948834_DmU7a4.jpeg','https://s3.us-east-005.backblazeb2.com/beast-wallpaper/wallpapers/1760948834_DmU7a4.jpeg','image',NULL,'image/jpeg',92043,'2025-10-20 08:27:14','2025-10-20 08:27:14',6,1),(176,24,'3256668399841573504-d','wallpapers/1760948834_tdYqEi.jpeg','https://s3.us-east-005.backblazeb2.com/beast-wallpaper/wallpapers/1760948834_tdYqEi.jpeg','image',NULL,'image/jpeg',105808,'2025-10-20 08:27:14','2025-10-20 08:27:14',6,1),(177,24,'3293363440871254985-d','wallpapers/1760948834_kt4mtj.jpeg','https://s3.us-east-005.backblazeb2.com/beast-wallpaper/wallpapers/1760948834_kt4mtj.jpeg','image',NULL,'image/jpeg',84026,'2025-10-20 08:27:14','2025-10-20 08:27:14',6,1),(178,24,'3348804752297418900-d','wallpapers/1760948834_mgmhbz.jpeg','https://s3.us-east-005.backblazeb2.com/beast-wallpaper/wallpapers/1760948834_mgmhbz.jpeg','image',NULL,'image/jpeg',269114,'2025-10-20 08:27:14','2025-10-20 08:27:14',6,1),(179,24,'3374077383905419388-d','wallpapers/1760948834_i3RD6D.jpeg','https://s3.us-east-005.backblazeb2.com/beast-wallpaper/wallpapers/1760948834_i3RD6D.jpeg','image',NULL,'image/jpeg',730060,'2025-10-20 08:27:15','2025-10-20 08:27:15',6,1),(180,24,'3385426259313404987-d','wallpapers/1760948835_sBuJ0K.jpeg','https://s3.us-east-005.backblazeb2.com/beast-wallpaper/wallpapers/1760948835_sBuJ0K.jpeg','image',NULL,'image/jpeg',54984,'2025-10-20 08:27:15','2025-10-20 08:27:15',6,1),(181,24,'3405010059860786756-d','wallpapers/1760948835_1UKFDh.jpeg','https://s3.us-east-005.backblazeb2.com/beast-wallpaper/wallpapers/1760948835_1UKFDh.jpeg','image',NULL,'image/jpeg',82402,'2025-10-20 08:27:15','2025-10-20 08:27:15',6,1),(182,24,'3448836853169692754-d','wallpapers/1760948835_SPrq7q.jpeg','https://s3.us-east-005.backblazeb2.com/beast-wallpaper/wallpapers/1760948835_SPrq7q.jpeg','image',NULL,'image/jpeg',91534,'2025-10-20 08:27:15','2025-10-20 08:27:15',6,1),(183,24,'3470159055875901406-d','wallpapers/1760948835_4nBJdH.jpeg','https://s3.us-east-005.backblazeb2.com/beast-wallpaper/wallpapers/1760948835_4nBJdH.jpeg','image',NULL,'image/jpeg',110199,'2025-10-20 08:27:16','2025-10-20 08:27:16',6,1),(184,24,'3485807959754837615-d','wallpapers/1760948836_j7Q0Xu.jpeg','https://s3.us-east-005.backblazeb2.com/beast-wallpaper/wallpapers/1760948836_j7Q0Xu.jpeg','image',NULL,'image/jpeg',39750,'2025-10-20 08:27:16','2025-10-20 08:27:16',6,1),(185,24,'3486728618035750076-d','wallpapers/1760948836_xBtFRo.jpeg','https://s3.us-east-005.backblazeb2.com/beast-wallpaper/wallpapers/1760948836_xBtFRo.jpeg','image',NULL,'image/jpeg',272168,'2025-10-20 08:27:16','2025-10-20 08:27:16',6,1),(186,24,'3557079231951554452-d','wallpapers/1760948836_ELwttU.jpeg','https://s3.us-east-005.backblazeb2.com/beast-wallpaper/wallpapers/1760948836_ELwttU.jpeg','image',NULL,'image/jpeg',428610,'2025-10-20 08:27:16','2025-10-20 08:27:16',6,1),(187,24,'3565950747237755269-d','wallpapers/1760948836_Z0u4dq.jpeg','https://s3.us-east-005.backblazeb2.com/beast-wallpaper/wallpapers/1760948836_Z0u4dq.jpeg','image',NULL,'image/jpeg',130959,'2025-10-20 08:27:16','2025-10-20 08:27:16',6,1),(188,24,'3579091315876781561-d','wallpapers/1760948836_3DR8Gl.jpeg','https://s3.us-east-005.backblazeb2.com/beast-wallpaper/wallpapers/1760948836_3DR8Gl.jpeg','image',NULL,'image/jpeg',207479,'2025-10-20 08:27:17','2025-10-20 08:27:17',6,1),(189,24,'3596779205565723547-d','wallpapers/1760948837_PDrOmI.jpeg','https://s3.us-east-005.backblazeb2.com/beast-wallpaper/wallpapers/1760948837_PDrOmI.jpeg','image',NULL,'image/jpeg',226077,'2025-10-20 08:27:17','2025-10-20 08:27:17',6,1),(190,24,'3684501105790554907-d','wallpapers/1760948964_K8RmyQ.jpeg','https://s3.us-east-005.backblazeb2.com/beast-wallpaper/wallpapers/1760948964_K8RmyQ.jpeg','image',NULL,'image/jpeg',139441,'2025-10-20 08:29:25','2025-10-20 08:29:25',6,1),(191,24,'3686875408048573456-d','wallpapers/1760948965_lnAmAp.jpeg','https://s3.us-east-005.backblazeb2.com/beast-wallpaper/wallpapers/1760948965_lnAmAp.jpeg','image',NULL,'image/jpeg',43334,'2025-10-20 08:29:25','2025-10-20 08:29:25',6,1),(192,24,'3706537578925011696-d','wallpapers/1760948965_pRe7x6.jpeg','https://s3.us-east-005.backblazeb2.com/beast-wallpaper/wallpapers/1760948965_pRe7x6.jpeg','image',NULL,'image/jpeg',82281,'2025-10-20 08:29:26','2025-10-20 08:29:26',6,1),(193,24,'3721584378398587851-d','wallpapers/1760948966_heqZWB.jpeg','https://s3.us-east-005.backblazeb2.com/beast-wallpaper/wallpapers/1760948966_heqZWB.jpeg','image',NULL,'image/jpeg',57004,'2025-10-20 08:29:26','2025-10-20 08:29:26',6,1),(194,24,'3726157641261961538-d','wallpapers/1760948966_1SaGyV.webp','https://s3.us-east-005.backblazeb2.com/beast-wallpaper/wallpapers/1760948966_1SaGyV.webp','image',NULL,'image/webp',190512,'2025-10-20 08:29:26','2025-10-20 08:29:26',6,1),(195,24,'3727553048399507582-d','wallpapers/1760948966_DVBqYO.jpeg','https://s3.us-east-005.backblazeb2.com/beast-wallpaper/wallpapers/1760948966_DVBqYO.jpeg','image',NULL,'image/jpeg',95485,'2025-10-20 08:29:26','2025-10-20 08:29:26',6,1),(196,24,'3731716429165568612-d','wallpapers/1760948967_EIibvW.jpeg','https://s3.us-east-005.backblazeb2.com/beast-wallpaper/wallpapers/1760948967_EIibvW.jpeg','image',NULL,'image/jpeg',199023,'2025-10-20 08:29:27','2025-10-20 08:29:27',6,1),(197,24,'3755240679529951846-d','wallpapers/1760948967_gYgIsy.jpeg','https://s3.us-east-005.backblazeb2.com/beast-wallpaper/wallpapers/1760948967_gYgIsy.jpeg','image',NULL,'image/jpeg',182640,'2025-10-20 08:29:27','2025-10-20 08:29:27',6,1),(198,24,'3756880408465783456-d','wallpapers/1760948967_HskoSM.jpeg','https://s3.us-east-005.backblazeb2.com/beast-wallpaper/wallpapers/1760948967_HskoSM.jpeg','image',NULL,'image/jpeg',58673,'2025-10-20 08:29:27','2025-10-20 08:29:27',6,1),(199,24,'3759590951615945071-d','wallpapers/1760948967_EyLGtG.jpeg','https://s3.us-east-005.backblazeb2.com/beast-wallpaper/wallpapers/1760948967_EyLGtG.jpeg','image',NULL,'image/jpeg',102607,'2025-10-20 08:29:27','2025-10-20 08:29:27',6,1),(200,24,'3787050928245353795-d','wallpapers/1760948967_JGO7oh.jpeg','https://s3.us-east-005.backblazeb2.com/beast-wallpaper/wallpapers/1760948967_JGO7oh.jpeg','image',NULL,'image/jpeg',122530,'2025-10-20 08:29:27','2025-10-20 08:29:27',6,1),(201,24,'3790824219795547078-d','wallpapers/1760948967_8k4lei.jpeg','https://s3.us-east-005.backblazeb2.com/beast-wallpaper/wallpapers/1760948967_8k4lei.jpeg','image',NULL,'image/jpeg',172133,'2025-10-20 08:29:28','2025-10-20 08:29:28',6,1),(202,24,'3792653496987892868-d','wallpapers/1760948968_0txapH.jpeg','https://s3.us-east-005.backblazeb2.com/beast-wallpaper/wallpapers/1760948968_0txapH.jpeg','image',NULL,'image/jpeg',106093,'2025-10-20 08:29:28','2025-10-20 08:29:28',6,1),(203,24,'3833557438910249294-d','wallpapers/1760948968_E9XYcY.jpeg','https://s3.us-east-005.backblazeb2.com/beast-wallpaper/wallpapers/1760948968_E9XYcY.jpeg','image',NULL,'image/jpeg',121358,'2025-10-20 08:29:28','2025-10-20 08:29:28',6,1),(204,24,'3883457496368456192-d','wallpapers/1760948968_JZM52A.jpeg','https://s3.us-east-005.backblazeb2.com/beast-wallpaper/wallpapers/1760948968_JZM52A.jpeg','image',NULL,'image/jpeg',181130,'2025-10-20 08:29:28','2025-10-20 08:29:28',6,1),(205,24,'3918437432835455123-d','wallpapers/1760948968_tSicOS.jpeg','https://s3.us-east-005.backblazeb2.com/beast-wallpaper/wallpapers/1760948968_tSicOS.jpeg','image',NULL,'image/jpeg',63323,'2025-10-20 08:29:28','2025-10-20 08:29:28',6,1),(206,24,'4047059087663448613-d','wallpapers/1760948968_EEWk2t.jpeg','https://s3.us-east-005.backblazeb2.com/beast-wallpaper/wallpapers/1760948968_EEWk2t.jpeg','image',NULL,'image/jpeg',17682,'2025-10-20 08:29:29','2025-10-20 08:29:29',6,1),(207,24,'4058654686577038438-d','wallpapers/1760948969_5S1ezG.jpeg','https://s3.us-east-005.backblazeb2.com/beast-wallpaper/wallpapers/1760948969_5S1ezG.jpeg','image',NULL,'image/jpeg',88360,'2025-10-20 08:29:29','2025-10-20 08:29:29',6,1),(208,24,'4083983524739293541-d','wallpapers/1760948969_DSPZnD.jpeg','https://s3.us-east-005.backblazeb2.com/beast-wallpaper/wallpapers/1760948969_DSPZnD.jpeg','image',NULL,'image/jpeg',99013,'2025-10-20 08:29:29','2025-10-20 08:29:29',6,1),(209,24,'4138393879449035252-d','wallpapers/1760948969_YJ7eGF.jpeg','https://s3.us-east-005.backblazeb2.com/beast-wallpaper/wallpapers/1760948969_YJ7eGF.jpeg','image',NULL,'image/jpeg',85044,'2025-10-20 08:29:29','2025-10-20 08:29:29',6,1),(210,24,'4148552767496463540-d','wallpapers/1760948996_3EdnIn.jpeg','https://s3.us-east-005.backblazeb2.com/beast-wallpaper/wallpapers/1760948996_3EdnIn.jpeg','image',NULL,'image/jpeg',77834,'2025-10-20 08:29:57','2025-10-20 08:29:57',6,1),(211,24,'4150054627728505878-d','wallpapers/1760948997_aKNAGY.jpeg','https://s3.us-east-005.backblazeb2.com/beast-wallpaper/wallpapers/1760948997_aKNAGY.jpeg','image',NULL,'image/jpeg',84938,'2025-10-20 08:29:57','2025-10-20 08:29:57',6,1),(212,24,'4178086341548033399-d','wallpapers/1760948997_YaWMEB.jpeg','https://s3.us-east-005.backblazeb2.com/beast-wallpaper/wallpapers/1760948997_YaWMEB.jpeg','image',NULL,'image/jpeg',244944,'2025-10-20 08:29:57','2025-10-20 08:29:57',6,1),(213,24,'4212789599355764065-d','wallpapers/1760948997_omDCCm.jpeg','https://s3.us-east-005.backblazeb2.com/beast-wallpaper/wallpapers/1760948997_omDCCm.jpeg','image',NULL,'image/jpeg',334968,'2025-10-20 08:29:57','2025-10-20 08:29:57',6,1),(214,24,'4250104888575650727-d','wallpapers/1760948997_BOUd2R.jpeg','https://s3.us-east-005.backblazeb2.com/beast-wallpaper/wallpapers/1760948997_BOUd2R.jpeg','image',NULL,'image/jpeg',113258,'2025-10-20 08:29:57','2025-10-20 08:29:57',6,1),(215,24,'4270750918089384243-d','wallpapers/1760948997_6VwnmD.jpeg','https://s3.us-east-005.backblazeb2.com/beast-wallpaper/wallpapers/1760948997_6VwnmD.jpeg','image',NULL,'image/jpeg',572094,'2025-10-20 08:29:57','2025-10-20 08:29:57',6,1),(216,24,'4285935377502379805-d','wallpapers/1760948998_m2U437.jpeg','https://s3.us-east-005.backblazeb2.com/beast-wallpaper/wallpapers/1760948998_m2U437.jpeg','image',NULL,'image/jpeg',73893,'2025-10-20 08:29:58','2025-10-20 08:29:58',6,1),(217,24,'4298754315595448977-d','wallpapers/1760948998_K4qYsa.jpeg','https://s3.us-east-005.backblazeb2.com/beast-wallpaper/wallpapers/1760948998_K4qYsa.jpeg','image',NULL,'image/jpeg',45218,'2025-10-20 08:29:58','2025-10-20 08:29:58',6,1),(218,24,'4337197840730533988-d','wallpapers/1760948998_QZZAxD.jpeg','https://s3.us-east-005.backblazeb2.com/beast-wallpaper/wallpapers/1760948998_QZZAxD.jpeg','image',NULL,'image/jpeg',423291,'2025-10-20 08:29:58','2025-10-20 08:29:58',6,1),(219,24,'4348909536138371408-d','wallpapers/1760948998_nvsqaL.jpeg','https://s3.us-east-005.backblazeb2.com/beast-wallpaper/wallpapers/1760948998_nvsqaL.jpeg','image',NULL,'image/jpeg',57138,'2025-10-20 08:29:58','2025-10-20 08:29:58',6,1),(220,24,'4383466995825741638-d','wallpapers/1760948998_sIml6C.jpeg','https://s3.us-east-005.backblazeb2.com/beast-wallpaper/wallpapers/1760948998_sIml6C.jpeg','image',NULL,'image/jpeg',74271,'2025-10-20 08:29:58','2025-10-20 08:29:58',6,1),(221,24,'4385233481953092479-d','wallpapers/1760948998_HE4i8y.jpeg','https://s3.us-east-005.backblazeb2.com/beast-wallpaper/wallpapers/1760948998_HE4i8y.jpeg','image',NULL,'image/jpeg',93349,'2025-10-20 08:29:58','2025-10-20 08:29:58',6,1),(222,24,'4395241071553525579-d','wallpapers/1760948998_c4M94K.jpeg','https://s3.us-east-005.backblazeb2.com/beast-wallpaper/wallpapers/1760948998_c4M94K.jpeg','image',NULL,'image/jpeg',422291,'2025-10-20 08:29:59','2025-10-20 08:29:59',6,1),(223,24,'4406081519065925574-d','wallpapers/1760948999_J15cWy.jpeg','https://s3.us-east-005.backblazeb2.com/beast-wallpaper/wallpapers/1760948999_J15cWy.jpeg','image',NULL,'image/jpeg',90642,'2025-10-20 08:29:59','2025-10-20 08:29:59',6,1),(224,24,'4407559050705181963-d','wallpapers/1760948999_sdVQ1W.jpeg','https://s3.us-east-005.backblazeb2.com/beast-wallpaper/wallpapers/1760948999_sdVQ1W.jpeg','image',NULL,'image/jpeg',87709,'2025-10-20 08:29:59','2025-10-20 08:29:59',6,1),(225,24,'4432779754199855548-d','wallpapers/1760948999_JCtsLT.jpeg','https://s3.us-east-005.backblazeb2.com/beast-wallpaper/wallpapers/1760948999_JCtsLT.jpeg','image',NULL,'image/jpeg',55222,'2025-10-20 08:29:59','2025-10-20 08:29:59',6,1),(226,24,'4491753533800907836-d','wallpapers/1760948999_4T0zoP.jpeg','https://s3.us-east-005.backblazeb2.com/beast-wallpaper/wallpapers/1760948999_4T0zoP.jpeg','image',NULL,'image/jpeg',25548,'2025-10-20 08:29:59','2025-10-20 08:29:59',6,1),(227,24,'4535451858726886521-d','wallpapers/1760948999_ArIQ7h.jpeg','https://s3.us-east-005.backblazeb2.com/beast-wallpaper/wallpapers/1760948999_ArIQ7h.jpeg','image',NULL,'image/jpeg',102974,'2025-10-20 08:29:59','2025-10-20 08:29:59',6,1),(228,24,'4543352251179055795-d','wallpapers/1760948999_Gge90i.jpeg','https://s3.us-east-005.backblazeb2.com/beast-wallpaper/wallpapers/1760948999_Gge90i.jpeg','image',NULL,'image/jpeg',181789,'2025-10-20 08:29:59','2025-10-20 08:29:59',6,1),(229,24,'4545046867912644357-d','wallpapers/1760948999_dmk3TL.jpeg','https://s3.us-east-005.backblazeb2.com/beast-wallpaper/wallpapers/1760948999_dmk3TL.jpeg','image',NULL,'image/jpeg',192475,'2025-10-20 08:30:00','2025-10-20 08:30:00',6,1),(230,24,'4545979527885838528-d','wallpapers/1760949031_YwJZtO.jpeg','https://s3.us-east-005.backblazeb2.com/beast-wallpaper/wallpapers/1760949031_YwJZtO.jpeg','image',NULL,'image/jpeg',35971,'2025-10-20 08:30:31','2025-10-20 08:30:31',6,1),(231,24,'4567835918374075589-d','wallpapers/1760949031_w9Vf6R.jpeg','https://s3.us-east-005.backblazeb2.com/beast-wallpaper/wallpapers/1760949031_w9Vf6R.jpeg','image',NULL,'image/jpeg',17320,'2025-10-20 08:30:31','2025-10-20 08:30:31',6,1),(232,24,'4587775075448947949-d','wallpapers/1760949031_3qFdJ7.jpeg','https://s3.us-east-005.backblazeb2.com/beast-wallpaper/wallpapers/1760949031_3qFdJ7.jpeg','image',NULL,'image/jpeg',71901,'2025-10-20 08:30:32','2025-10-20 08:30:32',6,1),(233,24,'4608480556587386743-d','wallpapers/1760949032_2TPxA2.jpeg','https://s3.us-east-005.backblazeb2.com/beast-wallpaper/wallpapers/1760949032_2TPxA2.jpeg','image',NULL,'image/jpeg',150336,'2025-10-20 08:30:32','2025-10-20 08:30:32',6,1),(234,24,'4617133989853840304-d','wallpapers/1760949032_zExGLe.jpeg','https://s3.us-east-005.backblazeb2.com/beast-wallpaper/wallpapers/1760949032_zExGLe.jpeg','image',NULL,'image/jpeg',496817,'2025-10-20 08:30:32','2025-10-20 08:30:32',6,1),(235,24,'4646977558445206341-d','wallpapers/1760949032_pT9ElZ.jpeg','https://s3.us-east-005.backblazeb2.com/beast-wallpaper/wallpapers/1760949032_pT9ElZ.jpeg','image',NULL,'image/jpeg',295764,'2025-10-20 08:30:32','2025-10-20 08:30:32',6,1),(236,24,'4673695843536918842-d','wallpapers/1760949032_zEQD6u.jpeg','https://s3.us-east-005.backblazeb2.com/beast-wallpaper/wallpapers/1760949032_zEQD6u.jpeg','image',NULL,'image/jpeg',68401,'2025-10-20 08:30:33','2025-10-20 08:30:33',6,1),(237,24,'4695393108483748130-d','wallpapers/1760949033_clM7ut.jpeg','https://s3.us-east-005.backblazeb2.com/beast-wallpaper/wallpapers/1760949033_clM7ut.jpeg','image',NULL,'image/jpeg',594128,'2025-10-20 08:30:33','2025-10-20 08:30:33',6,1),(238,24,'4724523080999592370-d','wallpapers/1760949033_vKGMyX.jpeg','https://s3.us-east-005.backblazeb2.com/beast-wallpaper/wallpapers/1760949033_vKGMyX.jpeg','image',NULL,'image/jpeg',57079,'2025-10-20 08:30:33','2025-10-20 08:30:33',6,1),(239,24,'4731328531849553234-d','wallpapers/1760949033_WBZfj1.jpeg','https://s3.us-east-005.backblazeb2.com/beast-wallpaper/wallpapers/1760949033_WBZfj1.jpeg','image',NULL,'image/jpeg',148722,'2025-10-20 08:30:33','2025-10-20 08:30:33',6,1),(240,24,'4735889658457730591-d','wallpapers/1760949033_vVVFw6.jpeg','https://s3.us-east-005.backblazeb2.com/beast-wallpaper/wallpapers/1760949033_vVVFw6.jpeg','image',NULL,'image/jpeg',118096,'2025-10-20 08:30:33','2025-10-20 08:30:33',6,1),(241,24,'4790851107565403950-d','wallpapers/1760949033_iuXr71.jpeg','https://s3.us-east-005.backblazeb2.com/beast-wallpaper/wallpapers/1760949033_iuXr71.jpeg','image',NULL,'image/jpeg',171626,'2025-10-20 08:30:33','2025-10-20 08:30:33',6,1),(242,24,'4793864065544762514-d','wallpapers/1760949033_a5Elrh.jpeg','https://s3.us-east-005.backblazeb2.com/beast-wallpaper/wallpapers/1760949033_a5Elrh.jpeg','image',NULL,'image/jpeg',223818,'2025-10-20 08:30:33','2025-10-20 08:30:33',6,1),(243,24,'4794774948575075498-d','wallpapers/1760949033_QQhEAi.jpeg','https://s3.us-east-005.backblazeb2.com/beast-wallpaper/wallpapers/1760949033_QQhEAi.jpeg','image',NULL,'image/jpeg',62168,'2025-10-20 08:30:34','2025-10-20 08:30:34',6,1),(244,24,'4815733135539248243-d','wallpapers/1760949034_FFATHb.jpeg','https://s3.us-east-005.backblazeb2.com/beast-wallpaper/wallpapers/1760949034_FFATHb.jpeg','image',NULL,'image/jpeg',84205,'2025-10-20 08:30:34','2025-10-20 08:30:34',6,1),(245,24,'4828757595255984838-d','wallpapers/1760949034_XIGKEy.jpeg','https://s3.us-east-005.backblazeb2.com/beast-wallpaper/wallpapers/1760949034_XIGKEy.jpeg','image',NULL,'image/jpeg',35105,'2025-10-20 08:30:34','2025-10-20 08:30:34',6,1),(246,24,'4859682959902097268-d','wallpapers/1760949034_sRaoR8.jpeg','https://s3.us-east-005.backblazeb2.com/beast-wallpaper/wallpapers/1760949034_sRaoR8.jpeg','image',NULL,'image/jpeg',134441,'2025-10-20 08:30:34','2025-10-20 08:30:34',6,1),(247,24,'4873544987555297491-d','wallpapers/1760949034_A5ZOz9.jpeg','https://s3.us-east-005.backblazeb2.com/beast-wallpaper/wallpapers/1760949034_A5ZOz9.jpeg','image',NULL,'image/jpeg',67272,'2025-10-20 08:30:34','2025-10-20 08:30:34',6,1),(248,24,'4877393407956185855-d','wallpapers/1760949034_J8dUw7.jpeg','https://s3.us-east-005.backblazeb2.com/beast-wallpaper/wallpapers/1760949034_J8dUw7.jpeg','image',NULL,'image/jpeg',92024,'2025-10-20 08:30:34','2025-10-20 08:30:34',6,1),(249,24,'4878811721519362576-d','wallpapers/1760949034_HkqVm5.jpeg','https://s3.us-east-005.backblazeb2.com/beast-wallpaper/wallpapers/1760949034_HkqVm5.jpeg','image',NULL,'image/jpeg',109087,'2025-10-20 08:30:34','2025-10-20 08:30:34',6,1),(250,24,'4978795755447048794-d','wallpapers/1760949054_OHjZLm.jpeg','https://s3.us-east-005.backblazeb2.com/beast-wallpaper/wallpapers/1760949054_OHjZLm.jpeg','image',NULL,'image/jpeg',74849,'2025-10-20 08:30:55','2025-10-20 08:30:55',6,1),(251,24,'5003798497733848331-d','wallpapers/1760949055_BCkoWY.jpeg','https://s3.us-east-005.backblazeb2.com/beast-wallpaper/wallpapers/1760949055_BCkoWY.jpeg','image',NULL,'image/jpeg',320858,'2025-10-20 08:30:55','2025-10-20 08:30:55',6,1),(252,24,'5047304543317653391-d','wallpapers/1760949055_92LOFU.jpeg','https://s3.us-east-005.backblazeb2.com/beast-wallpaper/wallpapers/1760949055_92LOFU.jpeg','image',NULL,'image/jpeg',262425,'2025-10-20 08:30:55','2025-10-20 08:30:55',6,1),(253,24,'5066184057698500307-d','wallpapers/1760949055_SFQ0hh.jpeg','https://s3.us-east-005.backblazeb2.com/beast-wallpaper/wallpapers/1760949055_SFQ0hh.jpeg','image',NULL,'image/jpeg',126346,'2025-10-20 08:30:55','2025-10-20 08:30:55',6,1),(254,24,'5070607065183690584-d','wallpapers/1760949055_AruC5W.jpeg','https://s3.us-east-005.backblazeb2.com/beast-wallpaper/wallpapers/1760949055_AruC5W.jpeg','image',NULL,'image/jpeg',142319,'2025-10-20 08:30:56','2025-10-20 08:30:56',6,1),(255,24,'5097935104996715155-d','wallpapers/1760949056_dpAfHk.jpeg','https://s3.us-east-005.backblazeb2.com/beast-wallpaper/wallpapers/1760949056_dpAfHk.jpeg','image',NULL,'image/jpeg',75197,'2025-10-20 08:30:56','2025-10-20 08:30:56',6,1),(256,24,'5117954914026908757-d','wallpapers/1760949056_mlJ81K.jpeg','https://s3.us-east-005.backblazeb2.com/beast-wallpaper/wallpapers/1760949056_mlJ81K.jpeg','image',NULL,'image/jpeg',97460,'2025-10-20 08:30:56','2025-10-20 08:30:56',6,1),(257,24,'5151695403597075991-d','wallpapers/1760949056_fzzmkk.jpeg','https://s3.us-east-005.backblazeb2.com/beast-wallpaper/wallpapers/1760949056_fzzmkk.jpeg','image',NULL,'image/jpeg',49976,'2025-10-20 08:30:56','2025-10-20 08:30:56',6,1),(258,24,'5159717428381126876-d','wallpapers/1760949056_wi75Sw.jpeg','https://s3.us-east-005.backblazeb2.com/beast-wallpaper/wallpapers/1760949056_wi75Sw.jpeg','image',NULL,'image/jpeg',99439,'2025-10-20 08:30:56','2025-10-20 08:30:56',6,1),(259,24,'5211284698907346285-d','wallpapers/1760949056_q6dF5H.jpeg','https://s3.us-east-005.backblazeb2.com/beast-wallpaper/wallpapers/1760949056_q6dF5H.jpeg','image',NULL,'image/jpeg',92081,'2025-10-20 08:30:56','2025-10-20 08:30:56',6,1),(260,24,'5235971550542193574-d','wallpapers/1760949056_Rax9Gb.jpeg','https://s3.us-east-005.backblazeb2.com/beast-wallpaper/wallpapers/1760949056_Rax9Gb.jpeg','image',NULL,'image/jpeg',146862,'2025-10-20 08:30:57','2025-10-20 08:30:57',6,1),(261,24,'5239495270980307249-d','wallpapers/1760949057_D9MQK0.jpeg','https://s3.us-east-005.backblazeb2.com/beast-wallpaper/wallpapers/1760949057_D9MQK0.jpeg','image',NULL,'image/jpeg',99929,'2025-10-20 08:30:57','2025-10-20 08:30:57',6,1),(262,24,'5267194621252257567-d','wallpapers/1760949057_EfUFbc.jpeg','https://s3.us-east-005.backblazeb2.com/beast-wallpaper/wallpapers/1760949057_EfUFbc.jpeg','image',NULL,'image/jpeg',82918,'2025-10-20 08:30:57','2025-10-20 08:30:57',6,1),(263,24,'5336618740604748490-d','wallpapers/1760949057_UulfV8.jpeg','https://s3.us-east-005.backblazeb2.com/beast-wallpaper/wallpapers/1760949057_UulfV8.jpeg','image',NULL,'image/jpeg',132402,'2025-10-20 08:30:57','2025-10-20 08:30:57',6,1),(264,24,'5342395647886964183-d','wallpapers/1760949057_BFiSH7.jpeg','https://s3.us-east-005.backblazeb2.com/beast-wallpaper/wallpapers/1760949057_BFiSH7.jpeg','image',NULL,'image/jpeg',144839,'2025-10-20 08:30:57','2025-10-20 08:30:57',6,1),(265,24,'5372194418928508997-d','wallpapers/1760949057_jUscfV.jpeg','https://s3.us-east-005.backblazeb2.com/beast-wallpaper/wallpapers/1760949057_jUscfV.jpeg','image',NULL,'image/jpeg',414238,'2025-10-20 08:30:57','2025-10-20 08:30:57',6,1),(266,24,'5414901744742702519-d','wallpapers/1760949057_HG8iUJ.jpeg','https://s3.us-east-005.backblazeb2.com/beast-wallpaper/wallpapers/1760949057_HG8iUJ.jpeg','image',NULL,'image/jpeg',45594,'2025-10-20 08:30:58','2025-10-20 08:30:58',6,1),(267,24,'5421425588856578361-d','wallpapers/1760949058_CsGqSF.jpeg','https://s3.us-east-005.backblazeb2.com/beast-wallpaper/wallpapers/1760949058_CsGqSF.jpeg','image',NULL,'image/jpeg',73043,'2025-10-20 08:30:58','2025-10-20 08:30:58',6,1),(268,24,'5426069504541091857-d','wallpapers/1760949058_6tTwD8.jpeg','https://s3.us-east-005.backblazeb2.com/beast-wallpaper/wallpapers/1760949058_6tTwD8.jpeg','image',NULL,'image/jpeg',39687,'2025-10-20 08:30:58','2025-10-20 08:30:58',6,1),(269,24,'5470749455744897879-d','wallpapers/1760949058_I7e4rG.jpeg','https://s3.us-east-005.backblazeb2.com/beast-wallpaper/wallpapers/1760949058_I7e4rG.jpeg','image',NULL,'image/jpeg',54209,'2025-10-20 08:30:58','2025-10-20 08:30:58',6,1),(270,24,'5478702429650175043-d','wallpapers/1760949079_rP9DDB.jpeg','https://s3.us-east-005.backblazeb2.com/beast-wallpaper/wallpapers/1760949079_rP9DDB.jpeg','image',NULL,'image/jpeg',163635,'2025-10-20 08:31:19','2025-10-20 08:31:19',6,1),(271,24,'5488722855955848973-d','wallpapers/1760949079_I7MZ9N.jpeg','https://s3.us-east-005.backblazeb2.com/beast-wallpaper/wallpapers/1760949079_I7MZ9N.jpeg','image',NULL,'image/jpeg',32905,'2025-10-20 08:31:19','2025-10-20 08:31:19',6,1),(272,24,'5502597856878103960-d','wallpapers/1760949079_qSnG5m.webp','https://s3.us-east-005.backblazeb2.com/beast-wallpaper/wallpapers/1760949079_qSnG5m.webp','image',NULL,'image/webp',53660,'2025-10-20 08:31:20','2025-10-20 08:31:20',6,1),(273,24,'5514238602707407954-d','wallpapers/1760949080_zHJaRa.jpeg','https://s3.us-east-005.backblazeb2.com/beast-wallpaper/wallpapers/1760949080_zHJaRa.jpeg','image',NULL,'image/jpeg',154297,'2025-10-20 08:31:20','2025-10-20 08:31:20',6,1),(274,24,'5525313714979254055-d','wallpapers/1760949080_H0vxaN.jpeg','https://s3.us-east-005.backblazeb2.com/beast-wallpaper/wallpapers/1760949080_H0vxaN.jpeg','image',NULL,'image/jpeg',310770,'2025-10-20 08:31:20','2025-10-20 08:31:20',6,1),(275,24,'5529931775991428389-d','wallpapers/1760949080_O5wRKe.jpeg','https://s3.us-east-005.backblazeb2.com/beast-wallpaper/wallpapers/1760949080_O5wRKe.jpeg','image',NULL,'image/jpeg',21418,'2025-10-20 08:31:20','2025-10-20 08:31:20',6,1),(276,24,'5565595736427770293-d','wallpapers/1760949080_xSdwsI.jpeg','https://s3.us-east-005.backblazeb2.com/beast-wallpaper/wallpapers/1760949080_xSdwsI.jpeg','image',NULL,'image/jpeg',279176,'2025-10-20 08:31:20','2025-10-20 08:31:20',6,1),(277,24,'5567739572056274359-d','wallpapers/1760949080_m6q8Bw.jpeg','https://s3.us-east-005.backblazeb2.com/beast-wallpaper/wallpapers/1760949080_m6q8Bw.jpeg','image',NULL,'image/jpeg',499204,'2025-10-20 08:31:20','2025-10-20 08:31:20',6,1),(278,24,'5571693507608460800-d','wallpapers/1760949080_2TkA4j.jpeg','https://s3.us-east-005.backblazeb2.com/beast-wallpaper/wallpapers/1760949080_2TkA4j.jpeg','image',NULL,'image/jpeg',35814,'2025-10-20 08:31:21','2025-10-20 08:31:21',6,1),(279,24,'5625028235295965710-d','wallpapers/1760949081_FNVx7g.jpeg','https://s3.us-east-005.backblazeb2.com/beast-wallpaper/wallpapers/1760949081_FNVx7g.jpeg','image',NULL,'image/jpeg',111097,'2025-10-20 08:31:21','2025-10-20 08:31:21',6,1),(280,24,'5638767744406406495-d','wallpapers/1760949081_qUFFDu.jpeg','https://s3.us-east-005.backblazeb2.com/beast-wallpaper/wallpapers/1760949081_qUFFDu.jpeg','image',NULL,'image/jpeg',192034,'2025-10-20 08:31:21','2025-10-20 08:31:21',6,1),(281,24,'5657303149435371043-d','wallpapers/1760949081_gyx4qJ.jpeg','https://s3.us-east-005.backblazeb2.com/beast-wallpaper/wallpapers/1760949081_gyx4qJ.jpeg','image',NULL,'image/jpeg',566677,'2025-10-20 08:31:22','2025-10-20 08:31:22',6,1),(282,24,'5683398330144947081-d','wallpapers/1760949082_FX15z5.jpeg','https://s3.us-east-005.backblazeb2.com/beast-wallpaper/wallpapers/1760949082_FX15z5.jpeg','image',NULL,'image/jpeg',156745,'2025-10-20 08:31:22','2025-10-20 08:31:22',6,1),(283,24,'5705845720587014628-d','wallpapers/1760949082_abQRPS.jpeg','https://s3.us-east-005.backblazeb2.com/beast-wallpaper/wallpapers/1760949082_abQRPS.jpeg','image',NULL,'image/jpeg',139657,'2025-10-20 08:31:22','2025-10-20 08:31:22',6,1),(284,24,'5708276574005452188-d','wallpapers/1760949082_IFBaO4.jpeg','https://s3.us-east-005.backblazeb2.com/beast-wallpaper/wallpapers/1760949082_IFBaO4.jpeg','image',NULL,'image/jpeg',188415,'2025-10-20 08:31:22','2025-10-20 08:31:22',6,1),(285,24,'5717560688591193713-d','wallpapers/1760949082_t3jR3d.jpeg','https://s3.us-east-005.backblazeb2.com/beast-wallpaper/wallpapers/1760949082_t3jR3d.jpeg','image',NULL,'image/jpeg',77750,'2025-10-20 08:31:22','2025-10-20 08:31:22',6,1),(286,24,'5724039859373705528-d','wallpapers/1760949082_GndFZz.jpeg','https://s3.us-east-005.backblazeb2.com/beast-wallpaper/wallpapers/1760949082_GndFZz.jpeg','image',NULL,'image/jpeg',38495,'2025-10-20 08:31:22','2025-10-20 08:31:22',6,1),(287,24,'5751309800483376394-d','wallpapers/1760949082_8oxSNc.jpeg','https://s3.us-east-005.backblazeb2.com/beast-wallpaper/wallpapers/1760949082_8oxSNc.jpeg','image',NULL,'image/jpeg',138203,'2025-10-20 08:31:22','2025-10-20 08:31:22',6,1),(288,24,'5752643958510479269-d','wallpapers/1760949082_7OImpi.jpeg','https://s3.us-east-005.backblazeb2.com/beast-wallpaper/wallpapers/1760949082_7OImpi.jpeg','image',NULL,'image/jpeg',148350,'2025-10-20 08:31:22','2025-10-20 08:31:22',6,1),(289,24,'5755247109988785648-d','wallpapers/1760949082_HCPmBc.jpeg','https://s3.us-east-005.backblazeb2.com/beast-wallpaper/wallpapers/1760949082_HCPmBc.jpeg','image',NULL,'image/jpeg',109203,'2025-10-20 08:31:23','2025-10-20 08:31:23',6,1),(290,24,'5755483332977881188-d','wallpapers/1760949100_7zP2NU.jpeg','https://s3.us-east-005.backblazeb2.com/beast-wallpaper/wallpapers/1760949100_7zP2NU.jpeg','image',NULL,'image/jpeg',62973,'2025-10-20 08:31:41','2025-10-20 08:31:41',6,1),(291,24,'5759525106952322068-d','wallpapers/1760949101_C32msy.jpeg','https://s3.us-east-005.backblazeb2.com/beast-wallpaper/wallpapers/1760949101_C32msy.jpeg','image',NULL,'image/jpeg',87423,'2025-10-20 08:31:41','2025-10-20 08:31:41',6,1),(292,24,'5761453985977058438-d','wallpapers/1760949101_51epq1.jpeg','https://s3.us-east-005.backblazeb2.com/beast-wallpaper/wallpapers/1760949101_51epq1.jpeg','image',NULL,'image/jpeg',80333,'2025-10-20 08:31:42','2025-10-20 08:31:42',6,1),(293,24,'5781701962402486994-d','wallpapers/1760949102_sTCuD6.jpeg','https://s3.us-east-005.backblazeb2.com/beast-wallpaper/wallpapers/1760949102_sTCuD6.jpeg','image',NULL,'image/jpeg',420078,'2025-10-20 08:31:42','2025-10-20 08:31:42',6,1),(294,24,'5797547794454808749-d','wallpapers/1760949102_eFDdof.jpeg','https://s3.us-east-005.backblazeb2.com/beast-wallpaper/wallpapers/1760949102_eFDdof.jpeg','image',NULL,'image/jpeg',133673,'2025-10-20 08:31:42','2025-10-20 08:31:42',6,1),(295,24,'5798363370051980443-d','wallpapers/1760949102_xDiADT.jpeg','https://s3.us-east-005.backblazeb2.com/beast-wallpaper/wallpapers/1760949102_xDiADT.jpeg','image',NULL,'image/jpeg',102003,'2025-10-20 08:31:42','2025-10-20 08:31:42',6,1),(296,24,'5826505025369527129-d','wallpapers/1760949102_e2nkNz.jpeg','https://s3.us-east-005.backblazeb2.com/beast-wallpaper/wallpapers/1760949102_e2nkNz.jpeg','image',NULL,'image/jpeg',52433,'2025-10-20 08:31:43','2025-10-20 08:31:43',6,1),(297,24,'5834245766999075251-d','wallpapers/1760949103_l66xqo.jpeg','https://s3.us-east-005.backblazeb2.com/beast-wallpaper/wallpapers/1760949103_l66xqo.jpeg','image',NULL,'image/jpeg',325159,'2025-10-20 08:31:43','2025-10-20 08:31:43',6,1),(298,24,'5837034007646144689-d','wallpapers/1760949103_7K4T4n.jpeg','https://s3.us-east-005.backblazeb2.com/beast-wallpaper/wallpapers/1760949103_7K4T4n.jpeg','image',NULL,'image/jpeg',44479,'2025-10-20 08:31:43','2025-10-20 08:31:43',6,1),(299,24,'5841225788851356465-d','wallpapers/1760949103_FSnJcX.jpeg','https://s3.us-east-005.backblazeb2.com/beast-wallpaper/wallpapers/1760949103_FSnJcX.jpeg','image',NULL,'image/jpeg',97751,'2025-10-20 08:31:43','2025-10-20 08:31:43',6,1),(300,24,'5845701750846807252-d','wallpapers/1760949103_GfofpG.jpeg','https://s3.us-east-005.backblazeb2.com/beast-wallpaper/wallpapers/1760949103_GfofpG.jpeg','image',NULL,'image/jpeg',156973,'2025-10-20 08:31:43','2025-10-20 08:31:43',6,1),(301,24,'5864367650307588844-d','wallpapers/1760949103_ACnyWH.jpeg','https://s3.us-east-005.backblazeb2.com/beast-wallpaper/wallpapers/1760949103_ACnyWH.jpeg','image',NULL,'image/jpeg',108820,'2025-10-20 08:31:43','2025-10-20 08:31:43',6,1),(302,24,'5882182456853475156-d','wallpapers/1760949103_CfjOuP.jpeg','https://s3.us-east-005.backblazeb2.com/beast-wallpaper/wallpapers/1760949103_CfjOuP.jpeg','image',NULL,'image/jpeg',87480,'2025-10-20 08:31:43','2025-10-20 08:31:43',6,1),(303,24,'5892992907275004343-d','wallpapers/1760949103_8Z9I3O.jpeg','https://s3.us-east-005.backblazeb2.com/beast-wallpaper/wallpapers/1760949103_8Z9I3O.jpeg','image',NULL,'image/jpeg',141830,'2025-10-20 08:31:44','2025-10-20 08:31:44',6,1),(304,24,'5907330471534353614-d','wallpapers/1760949104_3Fx1Wn.jpeg','https://s3.us-east-005.backblazeb2.com/beast-wallpaper/wallpapers/1760949104_3Fx1Wn.jpeg','image',NULL,'image/jpeg',764788,'2025-10-20 08:31:44','2025-10-20 08:31:44',6,1),(305,24,'5910289877584558647-d','wallpapers/1760949104_9ys3kI.jpeg','https://s3.us-east-005.backblazeb2.com/beast-wallpaper/wallpapers/1760949104_9ys3kI.jpeg','image',NULL,'image/jpeg',109203,'2025-10-20 08:31:44','2025-10-20 08:31:44',6,1),(306,24,'5994848407579475477-d','wallpapers/1760949104_IxxSin.jpeg','https://s3.us-east-005.backblazeb2.com/beast-wallpaper/wallpapers/1760949104_IxxSin.jpeg','image',NULL,'image/jpeg',77222,'2025-10-20 08:31:44','2025-10-20 08:31:44',6,1),(307,24,'5995740815711609724-d','wallpapers/1760949104_hszUB9.jpeg','https://s3.us-east-005.backblazeb2.com/beast-wallpaper/wallpapers/1760949104_hszUB9.jpeg','image',NULL,'image/jpeg',133644,'2025-10-20 08:31:44','2025-10-20 08:31:44',6,1),(308,24,'6115281967488521377-d','wallpapers/1760949104_yTzQjW.jpeg','https://s3.us-east-005.backblazeb2.com/beast-wallpaper/wallpapers/1760949104_yTzQjW.jpeg','image',NULL,'image/jpeg',153653,'2025-10-20 08:31:44','2025-10-20 08:31:44',6,1),(309,24,'6122396143676815517-d','wallpapers/1760949104_Nl0PhA.webp','https://s3.us-east-005.backblazeb2.com/beast-wallpaper/wallpapers/1760949104_Nl0PhA.webp','image',NULL,'image/webp',16732,'2025-10-20 08:31:45','2025-10-20 08:31:45',6,1),(310,24,'6139831478448339005-d','wallpapers/1760949127_w6KaJY.jpeg','https://s3.us-east-005.backblazeb2.com/beast-wallpaper/wallpapers/1760949127_w6KaJY.jpeg','image',NULL,'image/jpeg',408941,'2025-10-20 08:32:07','2025-10-20 08:32:07',6,1),(311,24,'6218577590763086557-d','wallpapers/1760949127_3YKSZb.jpeg','https://s3.us-east-005.backblazeb2.com/beast-wallpaper/wallpapers/1760949127_3YKSZb.jpeg','image',NULL,'image/jpeg',61576,'2025-10-20 08:32:08','2025-10-20 08:32:08',6,1),(312,24,'6221577452561962572-d','wallpapers/1760949128_NOtqaY.jpeg','https://s3.us-east-005.backblazeb2.com/beast-wallpaper/wallpapers/1760949128_NOtqaY.jpeg','image',NULL,'image/jpeg',111724,'2025-10-20 08:32:08','2025-10-20 08:32:08',6,1),(313,24,'6286731305553649498-d','wallpapers/1760949128_aP7ATa.jpeg','https://s3.us-east-005.backblazeb2.com/beast-wallpaper/wallpapers/1760949128_aP7ATa.jpeg','image',NULL,'image/jpeg',141529,'2025-10-20 08:32:08','2025-10-20 08:32:08',6,1),(314,24,'6311162562645183977-d','wallpapers/1760949128_jZsBF2.jpeg','https://s3.us-east-005.backblazeb2.com/beast-wallpaper/wallpapers/1760949128_jZsBF2.jpeg','image',NULL,'image/jpeg',108870,'2025-10-20 08:32:08','2025-10-20 08:32:08',6,1),(315,24,'6314539504530337147-d','wallpapers/1760949128_TIcZqp.jpeg','https://s3.us-east-005.backblazeb2.com/beast-wallpaper/wallpapers/1760949128_TIcZqp.jpeg','image',NULL,'image/jpeg',1520878,'2025-10-20 08:32:09','2025-10-20 08:32:09',6,1),(316,24,'6345873318924605569-d','wallpapers/1760949129_MWP2V9.jpeg','https://s3.us-east-005.backblazeb2.com/beast-wallpaper/wallpapers/1760949129_MWP2V9.jpeg','image',NULL,'image/jpeg',165816,'2025-10-20 08:32:09','2025-10-20 08:32:09',6,1),(317,24,'6358716915342171266-d','wallpapers/1760949129_1rDqvE.webp','https://s3.us-east-005.backblazeb2.com/beast-wallpaper/wallpapers/1760949129_1rDqvE.webp','image',NULL,'image/webp',54738,'2025-10-20 08:32:09','2025-10-20 08:32:09',6,1),(318,24,'6375638484582691394-d','wallpapers/1760949129_bWu7oM.jpeg','https://s3.us-east-005.backblazeb2.com/beast-wallpaper/wallpapers/1760949129_bWu7oM.jpeg','image',NULL,'image/jpeg',184160,'2025-10-20 08:32:09','2025-10-20 08:32:09',6,1),(319,24,'6379227548663998988-d','wallpapers/1760949129_iCpzfp.jpeg','https://s3.us-east-005.backblazeb2.com/beast-wallpaper/wallpapers/1760949129_iCpzfp.jpeg','image',NULL,'image/jpeg',135691,'2025-10-20 08:32:09','2025-10-20 08:32:09',6,1),(320,24,'6422558748651838551-d','wallpapers/1760949129_YBQ3Ol.jpeg','https://s3.us-east-005.backblazeb2.com/beast-wallpaper/wallpapers/1760949129_YBQ3Ol.jpeg','image',NULL,'image/jpeg',91067,'2025-10-20 08:32:09','2025-10-20 08:32:09',6,1),(321,24,'6429028859562989790-d','wallpapers/1760949129_FX0EkO.jpeg','https://s3.us-east-005.backblazeb2.com/beast-wallpaper/wallpapers/1760949129_FX0EkO.jpeg','image',NULL,'image/jpeg',97716,'2025-10-20 08:32:10','2025-10-20 08:32:10',6,1),(322,24,'6448152987031569282-d','wallpapers/1760949130_XZ0j8C.jpeg','https://s3.us-east-005.backblazeb2.com/beast-wallpaper/wallpapers/1760949130_XZ0j8C.jpeg','image',NULL,'image/jpeg',490953,'2025-10-20 08:32:10','2025-10-20 08:32:10',6,1),(323,24,'6457769480044573664-d','wallpapers/1760949130_uW5bz7.jpeg','https://s3.us-east-005.backblazeb2.com/beast-wallpaper/wallpapers/1760949130_uW5bz7.jpeg','image',NULL,'image/jpeg',408102,'2025-10-20 08:32:10','2025-10-20 08:32:10',6,1),(324,24,'6458804529188109782-d','wallpapers/1760949130_FJINIT.jpeg','https://s3.us-east-005.backblazeb2.com/beast-wallpaper/wallpapers/1760949130_FJINIT.jpeg','image',NULL,'image/jpeg',108397,'2025-10-20 08:32:10','2025-10-20 08:32:10',6,1),(325,24,'6487257850058701452-d','wallpapers/1760949130_Y2h8qK.jpeg','https://s3.us-east-005.backblazeb2.com/beast-wallpaper/wallpapers/1760949130_Y2h8qK.jpeg','image',NULL,'image/jpeg',305964,'2025-10-20 08:32:10','2025-10-20 08:32:10',6,1),(326,24,'6512675229455217267-d','wallpapers/1760949130_OfZzt2.jpeg','https://s3.us-east-005.backblazeb2.com/beast-wallpaper/wallpapers/1760949130_OfZzt2.jpeg','image',NULL,'image/jpeg',109152,'2025-10-20 08:32:10','2025-10-20 08:32:10',6,1),(327,24,'6557897928754148508-d','wallpapers/1760949130_TlJIMD.jpeg','https://s3.us-east-005.backblazeb2.com/beast-wallpaper/wallpapers/1760949130_TlJIMD.jpeg','image',NULL,'image/jpeg',55620,'2025-10-20 08:32:10','2025-10-20 08:32:10',6,1),(328,24,'6560504007688507193-d','wallpapers/1760949130_Y8VZOy.jpeg','https://s3.us-east-005.backblazeb2.com/beast-wallpaper/wallpapers/1760949130_Y8VZOy.jpeg','image',NULL,'image/jpeg',619038,'2025-10-20 08:32:11','2025-10-20 08:32:11',6,1),(329,24,'6579615875133179081-d','wallpapers/1760949131_eYtHtW.jpeg','https://s3.us-east-005.backblazeb2.com/beast-wallpaper/wallpapers/1760949131_eYtHtW.jpeg','image',NULL,'image/jpeg',72024,'2025-10-20 08:32:11','2025-10-20 08:32:11',6,1),(330,24,'6614599710541614716-d','wallpapers/1760949151_Qg38IY.jpeg','https://s3.us-east-005.backblazeb2.com/beast-wallpaper/wallpapers/1760949151_Qg38IY.jpeg','image',NULL,'image/jpeg',322733,'2025-10-20 08:32:32','2025-10-20 08:32:32',6,1),(331,24,'6643546287015447549-d','wallpapers/1760949152_1WXpTP.jpeg','https://s3.us-east-005.backblazeb2.com/beast-wallpaper/wallpapers/1760949152_1WXpTP.jpeg','image',NULL,'image/jpeg',371890,'2025-10-20 08:32:33','2025-10-20 08:32:33',6,1),(332,24,'6704454714869003863-d','wallpapers/1760949153_3ZX7GN.jpeg','https://s3.us-east-005.backblazeb2.com/beast-wallpaper/wallpapers/1760949153_3ZX7GN.jpeg','image',NULL,'image/jpeg',49805,'2025-10-20 08:32:33','2025-10-20 08:32:33',6,1),(333,24,'6734734965100480684-d','wallpapers/1760949153_lH7jj6.jpeg','https://s3.us-east-005.backblazeb2.com/beast-wallpaper/wallpapers/1760949153_lH7jj6.jpeg','image',NULL,'image/jpeg',37157,'2025-10-20 08:32:33','2025-10-20 08:32:33',6,1),(334,24,'6737458017498598553-d','wallpapers/1760949153_RpzHD3.jpeg','https://s3.us-east-005.backblazeb2.com/beast-wallpaper/wallpapers/1760949153_RpzHD3.jpeg','image',NULL,'image/jpeg',73660,'2025-10-20 08:32:33','2025-10-20 08:32:33',6,1),(335,24,'6743118524829562809-d','wallpapers/1760949153_aSy8VZ.jpeg','https://s3.us-east-005.backblazeb2.com/beast-wallpaper/wallpapers/1760949153_aSy8VZ.jpeg','image',NULL,'image/jpeg',285903,'2025-10-20 08:32:33','2025-10-20 08:32:33',6,1),(336,24,'6790440746564784635-d','wallpapers/1760949153_t88m9T.jpeg','https://s3.us-east-005.backblazeb2.com/beast-wallpaper/wallpapers/1760949153_t88m9T.jpeg','image',NULL,'image/jpeg',133098,'2025-10-20 08:32:34','2025-10-20 08:32:34',6,1),(337,24,'6857558474872059189-d','wallpapers/1760949154_JepBdM.jpeg','https://s3.us-east-005.backblazeb2.com/beast-wallpaper/wallpapers/1760949154_JepBdM.jpeg','image',NULL,'image/jpeg',198183,'2025-10-20 08:32:34','2025-10-20 08:32:34',6,1),(338,24,'6884330508149173349-d','wallpapers/1760949154_QRkvdw.jpeg','https://s3.us-east-005.backblazeb2.com/beast-wallpaper/wallpapers/1760949154_QRkvdw.jpeg','image',NULL,'image/jpeg',118898,'2025-10-20 08:32:34','2025-10-20 08:32:34',6,1),(339,24,'6942877549158858570-d','wallpapers/1760949154_LAFff7.jpeg','https://s3.us-east-005.backblazeb2.com/beast-wallpaper/wallpapers/1760949154_LAFff7.jpeg','image',NULL,'image/jpeg',198183,'2025-10-20 08:32:34','2025-10-20 08:32:34',6,1),(340,24,'7017759544002685423-d','wallpapers/1760949154_K56BVj.jpeg','https://s3.us-east-005.backblazeb2.com/beast-wallpaper/wallpapers/1760949154_K56BVj.jpeg','image',NULL,'image/jpeg',69763,'2025-10-20 08:32:34','2025-10-20 08:32:34',6,1),(341,24,'7055872352093593874-d','wallpapers/1760949154_LbHwTD.jpeg','https://s3.us-east-005.backblazeb2.com/beast-wallpaper/wallpapers/1760949154_LbHwTD.jpeg','image',NULL,'image/jpeg',63895,'2025-10-20 08:32:35','2025-10-20 08:32:35',6,1),(342,24,'7075979847448954475-d','wallpapers/1760949155_snjJ1K.jpeg','https://s3.us-east-005.backblazeb2.com/beast-wallpaper/wallpapers/1760949155_snjJ1K.jpeg','image',NULL,'image/jpeg',105416,'2025-10-20 08:32:35','2025-10-20 08:32:35',6,1),(343,24,'7183592344353154283-d','wallpapers/1760949155_S52nSB.jpeg','https://s3.us-east-005.backblazeb2.com/beast-wallpaper/wallpapers/1760949155_S52nSB.jpeg','image',NULL,'image/jpeg',81532,'2025-10-20 08:32:35','2025-10-20 08:32:35',6,1),(344,24,'7250130888660764573-d','wallpapers/1760949155_IvkM2W.jpeg','https://s3.us-east-005.backblazeb2.com/beast-wallpaper/wallpapers/1760949155_IvkM2W.jpeg','image',NULL,'image/jpeg',424725,'2025-10-20 08:32:35','2025-10-20 08:32:35',6,1),(345,24,'7260459577298428842-d','wallpapers/1760949155_YpaMd7.jpeg','https://s3.us-east-005.backblazeb2.com/beast-wallpaper/wallpapers/1760949155_YpaMd7.jpeg','image',NULL,'image/jpeg',291211,'2025-10-20 08:32:35','2025-10-20 08:32:35',6,1),(346,24,'7275998650711630536-d','wallpapers/1760949155_CTv1AF.jpeg','https://s3.us-east-005.backblazeb2.com/beast-wallpaper/wallpapers/1760949155_CTv1AF.jpeg','image',NULL,'image/jpeg',172849,'2025-10-20 08:32:35','2025-10-20 08:32:35',6,1),(347,24,'7288392189579514409-d','wallpapers/1760949155_4blzK8.jpeg','https://s3.us-east-005.backblazeb2.com/beast-wallpaper/wallpapers/1760949155_4blzK8.jpeg','image',NULL,'image/jpeg',319931,'2025-10-20 08:32:35','2025-10-20 08:32:35',6,1),(348,24,'7295915483942807918-d','wallpapers/1760949155_dBGSZL.jpeg','https://s3.us-east-005.backblazeb2.com/beast-wallpaper/wallpapers/1760949155_dBGSZL.jpeg','image',NULL,'image/jpeg',149206,'2025-10-20 08:32:36','2025-10-20 08:32:36',6,1),(349,24,'7309558897508561602-d','wallpapers/1760949156_kyt3W3.webp','https://s3.us-east-005.backblazeb2.com/beast-wallpaper/wallpapers/1760949156_kyt3W3.webp','image',NULL,'image/webp',37888,'2025-10-20 08:32:36','2025-10-20 08:32:36',6,1),(350,24,'7312577865680080634-d','wallpapers/1760949175_n2fUYp.jpeg','https://s3.us-east-005.backblazeb2.com/beast-wallpaper/wallpapers/1760949175_n2fUYp.jpeg','image',NULL,'image/jpeg',780963,'2025-10-20 08:32:56','2025-10-20 08:32:56',6,1),(351,24,'7356150986390721765-d','wallpapers/1760949176_IOSFVW.jpeg','https://s3.us-east-005.backblazeb2.com/beast-wallpaper/wallpapers/1760949176_IOSFVW.jpeg','image',NULL,'image/jpeg',112316,'2025-10-20 08:32:56','2025-10-20 08:32:56',6,1),(352,24,'7372273557559406659-d','wallpapers/1760949176_YUq1DP.jpeg','https://s3.us-east-005.backblazeb2.com/beast-wallpaper/wallpapers/1760949176_YUq1DP.jpeg','image',NULL,'image/jpeg',260753,'2025-10-20 08:32:56','2025-10-20 08:32:56',6,1),(353,24,'7375753925756426095-d','wallpapers/1760949176_dt1LDB.jpeg','https://s3.us-east-005.backblazeb2.com/beast-wallpaper/wallpapers/1760949176_dt1LDB.jpeg','image',NULL,'image/jpeg',137355,'2025-10-20 08:32:56','2025-10-20 08:32:56',6,1),(354,24,'7394422035909958027-d','wallpapers/1760949176_w2cjyw.jpeg','https://s3.us-east-005.backblazeb2.com/beast-wallpaper/wallpapers/1760949176_w2cjyw.jpeg','image',NULL,'image/jpeg',136390,'2025-10-20 08:32:56','2025-10-20 08:32:56',6,1),(355,24,'7395033343165745410-d','wallpapers/1760949176_AJ2l8o.jpeg','https://s3.us-east-005.backblazeb2.com/beast-wallpaper/wallpapers/1760949176_AJ2l8o.jpeg','image',NULL,'image/jpeg',582160,'2025-10-20 08:32:56','2025-10-20 08:32:56',6,1),(356,24,'7475639430688440610-d','wallpapers/1760949176_xbQ6QQ.jpeg','https://s3.us-east-005.backblazeb2.com/beast-wallpaper/wallpapers/1760949176_xbQ6QQ.jpeg','image',NULL,'image/jpeg',33082,'2025-10-20 08:32:57','2025-10-20 08:32:57',6,1),(357,24,'7482055633661770808-d','wallpapers/1760949177_YxdCsM.jpeg','https://s3.us-east-005.backblazeb2.com/beast-wallpaper/wallpapers/1760949177_YxdCsM.jpeg','image',NULL,'image/jpeg',485173,'2025-10-20 08:32:57','2025-10-20 08:32:57',6,1),(358,24,'7504043819207239488-d','wallpapers/1760949177_HNgjYG.jpeg','https://s3.us-east-005.backblazeb2.com/beast-wallpaper/wallpapers/1760949177_HNgjYG.jpeg','image',NULL,'image/jpeg',235619,'2025-10-20 08:32:57','2025-10-20 08:32:57',6,1),(359,24,'7515826881309924462-d','wallpapers/1760949177_pdef7u.jpeg','https://s3.us-east-005.backblazeb2.com/beast-wallpaper/wallpapers/1760949177_pdef7u.jpeg','image',NULL,'image/jpeg',129540,'2025-10-20 08:32:57','2025-10-20 08:32:57',6,1),(360,24,'7537845764630880615-d','wallpapers/1760949177_nyULXS.jpeg','https://s3.us-east-005.backblazeb2.com/beast-wallpaper/wallpapers/1760949177_nyULXS.jpeg','image',NULL,'image/jpeg',471260,'2025-10-20 08:32:57','2025-10-20 08:32:57',6,1),(361,24,'7544836314892509233-d','wallpapers/1760949177_9UduZL.jpeg','https://s3.us-east-005.backblazeb2.com/beast-wallpaper/wallpapers/1760949177_9UduZL.jpeg','image',NULL,'image/jpeg',100685,'2025-10-20 08:32:57','2025-10-20 08:32:57',6,1),(362,24,'7545997484987547047-d','wallpapers/1760949177_sv3uSa.jpeg','https://s3.us-east-005.backblazeb2.com/beast-wallpaper/wallpapers/1760949177_sv3uSa.jpeg','image',NULL,'image/jpeg',76771,'2025-10-20 08:32:58','2025-10-20 08:32:58',6,1),(363,24,'7546405496901150528-d','wallpapers/1760949178_CyqXHm.jpeg','https://s3.us-east-005.backblazeb2.com/beast-wallpaper/wallpapers/1760949178_CyqXHm.jpeg','image',NULL,'image/jpeg',42207,'2025-10-20 08:32:58','2025-10-20 08:32:58',6,1),(364,24,'7556996782519403524-d','wallpapers/1760949178_oOdkvF.jpeg','https://s3.us-east-005.backblazeb2.com/beast-wallpaper/wallpapers/1760949178_oOdkvF.jpeg','image',NULL,'image/jpeg',633253,'2025-10-20 08:32:58','2025-10-20 08:32:58',6,1),(365,24,'7559650836937781111-d','wallpapers/1760949178_OwEr64.jpeg','https://s3.us-east-005.backblazeb2.com/beast-wallpaper/wallpapers/1760949178_OwEr64.jpeg','image',NULL,'image/jpeg',45608,'2025-10-20 08:32:59','2025-10-20 08:32:59',6,1),(366,24,'7564013041593547333-d','wallpapers/1760949179_WTqLl7.jpeg','https://s3.us-east-005.backblazeb2.com/beast-wallpaper/wallpapers/1760949179_WTqLl7.jpeg','image',NULL,'image/jpeg',417725,'2025-10-20 08:32:59','2025-10-20 08:32:59',6,1),(367,24,'7565519541307999051-d','wallpapers/1760949179_Hl13FM.jpeg','https://s3.us-east-005.backblazeb2.com/beast-wallpaper/wallpapers/1760949179_Hl13FM.jpeg','image',NULL,'image/jpeg',78496,'2025-10-20 08:32:59','2025-10-20 08:32:59',6,1),(368,24,'7568081963257505980-d','wallpapers/1760949179_gA82Fb.webp','https://s3.us-east-005.backblazeb2.com/beast-wallpaper/wallpapers/1760949179_gA82Fb.webp','image',NULL,'image/webp',48920,'2025-10-20 08:32:59','2025-10-20 08:32:59',6,1),(369,24,'7570544774498599847-d','wallpapers/1760949180_27f3iP.jpeg','https://s3.us-east-005.backblazeb2.com/beast-wallpaper/wallpapers/1760949180_27f3iP.jpeg','image',NULL,'image/jpeg',69601,'2025-10-20 08:33:00','2025-10-20 08:33:00',6,1),(370,24,'7574009953023292849-d','wallpapers/1760949198_5VEk7g.jpeg','https://s3.us-east-005.backblazeb2.com/beast-wallpaper/wallpapers/1760949198_5VEk7g.jpeg','image',NULL,'image/jpeg',97700,'2025-10-20 08:33:19','2025-10-20 08:33:19',6,1),(371,24,'7586484330066845875-d','wallpapers/1760949199_KCquRq.jpeg','https://s3.us-east-005.backblazeb2.com/beast-wallpaper/wallpapers/1760949199_KCquRq.jpeg','image',NULL,'image/jpeg',85535,'2025-10-20 08:33:19','2025-10-20 08:33:19',6,1),(372,24,'7596191090595351547-d','wallpapers/1760949199_1jkMsC.jpeg','https://s3.us-east-005.backblazeb2.com/beast-wallpaper/wallpapers/1760949199_1jkMsC.jpeg','image',NULL,'image/jpeg',114476,'2025-10-20 08:33:19','2025-10-20 08:33:19',6,1),(373,24,'7647054083863858564-d','wallpapers/1760949199_KSsOSq.jpeg','https://s3.us-east-005.backblazeb2.com/beast-wallpaper/wallpapers/1760949199_KSsOSq.jpeg','image',NULL,'image/jpeg',169880,'2025-10-20 08:33:19','2025-10-20 08:33:19',6,1),(374,24,'7670236038115559967-d','wallpapers/1760949199_hYtvvj.jpeg','https://s3.us-east-005.backblazeb2.com/beast-wallpaper/wallpapers/1760949199_hYtvvj.jpeg','image',NULL,'image/jpeg',198148,'2025-10-20 08:33:19','2025-10-20 08:33:19',6,1),(375,24,'7685234008066737158-d','wallpapers/1760949199_YaqxOU.jpeg','https://s3.us-east-005.backblazeb2.com/beast-wallpaper/wallpapers/1760949199_YaqxOU.jpeg','image',NULL,'image/jpeg',586026,'2025-10-20 08:33:20','2025-10-20 08:33:20',6,1),(376,24,'7688745640756033518-d','wallpapers/1760949200_kyLyQQ.jpeg','https://s3.us-east-005.backblazeb2.com/beast-wallpaper/wallpapers/1760949200_kyLyQQ.jpeg','image',NULL,'image/jpeg',555566,'2025-10-20 08:33:20','2025-10-20 08:33:20',6,1),(377,24,'7705695067157235886-d','wallpapers/1760949200_q9jLS5.jpeg','https://s3.us-east-005.backblazeb2.com/beast-wallpaper/wallpapers/1760949200_q9jLS5.jpeg','image',NULL,'image/jpeg',76712,'2025-10-20 08:33:20','2025-10-20 08:33:20',6,1),(378,24,'7718706584552045820-d','wallpapers/1760949200_k6ME8G.jpeg','https://s3.us-east-005.backblazeb2.com/beast-wallpaper/wallpapers/1760949200_k6ME8G.jpeg','image',NULL,'image/jpeg',129471,'2025-10-20 08:33:20','2025-10-20 08:33:20',6,1),(379,24,'7741854181569705239-d','wallpapers/1760949200_T3cAot.jpeg','https://s3.us-east-005.backblazeb2.com/beast-wallpaper/wallpapers/1760949200_T3cAot.jpeg','image',NULL,'image/jpeg',154862,'2025-10-20 08:33:20','2025-10-20 08:33:20',6,1),(380,24,'7743566892986899382-d','wallpapers/1760949200_DRA9ll.jpeg','https://s3.us-east-005.backblazeb2.com/beast-wallpaper/wallpapers/1760949200_DRA9ll.jpeg','image',NULL,'image/jpeg',114514,'2025-10-20 08:33:20','2025-10-20 08:33:20',6,1),(381,24,'7762155585906773806-d','wallpapers/1760949200_0tIxdI.jpeg','https://s3.us-east-005.backblazeb2.com/beast-wallpaper/wallpapers/1760949200_0tIxdI.jpeg','image',NULL,'image/jpeg',970366,'2025-10-20 08:33:20','2025-10-20 08:33:20',6,1),(382,24,'7764535576792059253-d','wallpapers/1760949200_I3wr6m.jpeg','https://s3.us-east-005.backblazeb2.com/beast-wallpaper/wallpapers/1760949200_I3wr6m.jpeg','image',NULL,'image/jpeg',140371,'2025-10-20 08:33:21','2025-10-20 08:33:21',6,1),(383,24,'7784568927612811153-d','wallpapers/1760949201_80iWHr.jpeg','https://s3.us-east-005.backblazeb2.com/beast-wallpaper/wallpapers/1760949201_80iWHr.jpeg','image',NULL,'image/jpeg',46172,'2025-10-20 08:33:21','2025-10-20 08:33:21',6,1),(384,24,'7841608065730609505-d','wallpapers/1760949201_HxlceK.jpeg','https://s3.us-east-005.backblazeb2.com/beast-wallpaper/wallpapers/1760949201_HxlceK.jpeg','image',NULL,'image/jpeg',70755,'2025-10-20 08:33:21','2025-10-20 08:33:21',6,1),(385,24,'7854299382786399686-d','wallpapers/1760949201_vJQL1Z.jpeg','https://s3.us-east-005.backblazeb2.com/beast-wallpaper/wallpapers/1760949201_vJQL1Z.jpeg','image',NULL,'image/jpeg',24731,'2025-10-20 08:33:21','2025-10-20 08:33:21',6,1),(386,24,'7857849858823751133-d','wallpapers/1760949201_PxcpUU.jpeg','https://s3.us-east-005.backblazeb2.com/beast-wallpaper/wallpapers/1760949201_PxcpUU.jpeg','image',NULL,'image/jpeg',8821,'2025-10-20 08:33:21','2025-10-20 08:33:21',6,1),(387,24,'7864654406774563409-d','wallpapers/1760949201_uMmiP7.jpeg','https://s3.us-east-005.backblazeb2.com/beast-wallpaper/wallpapers/1760949201_uMmiP7.jpeg','image',NULL,'image/jpeg',218882,'2025-10-20 08:33:21','2025-10-20 08:33:21',6,1),(388,24,'7867548160356874053-d','wallpapers/1760949201_LqUO1A.jpeg','https://s3.us-east-005.backblazeb2.com/beast-wallpaper/wallpapers/1760949201_LqUO1A.jpeg','image',NULL,'image/jpeg',331790,'2025-10-20 08:33:22','2025-10-20 08:33:22',6,1),(389,24,'7868532689939694827-d','wallpapers/1760949202_6W1wKp.jpeg','https://s3.us-east-005.backblazeb2.com/beast-wallpaper/wallpapers/1760949202_6W1wKp.jpeg','image',NULL,'image/jpeg',122013,'2025-10-20 08:33:22','2025-10-20 08:33:22',6,1),(390,24,'7880528985189014426-d','wallpapers/1760949234_oETZfK.jpeg','https://s3.us-east-005.backblazeb2.com/beast-wallpaper/wallpapers/1760949234_oETZfK.jpeg','image',NULL,'image/jpeg',69131,'2025-10-20 08:33:55','2025-10-20 08:33:55',6,1),(391,24,'7923484899155920178-d','wallpapers/1760949235_yPpl5a.jpeg','https://s3.us-east-005.backblazeb2.com/beast-wallpaper/wallpapers/1760949235_yPpl5a.jpeg','image',NULL,'image/jpeg',429595,'2025-10-20 08:33:55','2025-10-20 08:33:55',6,1),(392,24,'7941309685570450015-d','wallpapers/1760949235_Wnx2dT.jpeg','https://s3.us-east-005.backblazeb2.com/beast-wallpaper/wallpapers/1760949235_Wnx2dT.jpeg','image',NULL,'image/jpeg',92948,'2025-10-20 08:33:55','2025-10-20 08:33:55',6,1),(393,24,'7987044695295312556-d','wallpapers/1760949235_bc1FyU.jpeg','https://s3.us-east-005.backblazeb2.com/beast-wallpaper/wallpapers/1760949235_bc1FyU.jpeg','image',NULL,'image/jpeg',422173,'2025-10-20 08:33:56','2025-10-20 08:33:56',6,1),(394,24,'8004770458685557221-d','wallpapers/1760949236_nZcHM1.jpeg','https://s3.us-east-005.backblazeb2.com/beast-wallpaper/wallpapers/1760949236_nZcHM1.jpeg','image',NULL,'image/jpeg',257558,'2025-10-20 08:33:56','2025-10-20 08:33:56',6,1),(395,24,'8048771645346040936-d','wallpapers/1760949236_JXiHTE.jpeg','https://s3.us-east-005.backblazeb2.com/beast-wallpaper/wallpapers/1760949236_JXiHTE.jpeg','image',NULL,'image/jpeg',154518,'2025-10-20 08:33:56','2025-10-20 08:33:56',6,1),(396,24,'8055452778788619459-d','wallpapers/1760949236_oS9oOG.jpeg','https://s3.us-east-005.backblazeb2.com/beast-wallpaper/wallpapers/1760949236_oS9oOG.jpeg','image',NULL,'image/jpeg',55620,'2025-10-20 08:33:56','2025-10-20 08:33:56',6,1),(397,24,'8065255141074197979-d','wallpapers/1760949236_4QfOd6.jpeg','https://s3.us-east-005.backblazeb2.com/beast-wallpaper/wallpapers/1760949236_4QfOd6.jpeg','image',NULL,'image/jpeg',99469,'2025-10-20 08:33:56','2025-10-20 08:33:56',6,1),(398,24,'8097745459230892717-d','wallpapers/1760949236_Rr70L2.jpeg','https://s3.us-east-005.backblazeb2.com/beast-wallpaper/wallpapers/1760949236_Rr70L2.jpeg','image',NULL,'image/jpeg',64158,'2025-10-20 08:33:56','2025-10-20 08:33:56',6,1),(399,24,'8102892176486534925-d','wallpapers/1760949236_agLbiz.jpeg','https://s3.us-east-005.backblazeb2.com/beast-wallpaper/wallpapers/1760949236_agLbiz.jpeg','image',NULL,'image/jpeg',569052,'2025-10-20 08:33:57','2025-10-20 08:33:57',6,1),(400,24,'8104357343598922493-d','wallpapers/1760949237_ST2d1z.jpeg','https://s3.us-east-005.backblazeb2.com/beast-wallpaper/wallpapers/1760949237_ST2d1z.jpeg','image',NULL,'image/jpeg',14703,'2025-10-20 08:33:57','2025-10-20 08:33:57',6,1),(401,24,'8112316376421579656-d','wallpapers/1760949237_Q5Weol.webp','https://s3.us-east-005.backblazeb2.com/beast-wallpaper/wallpapers/1760949237_Q5Weol.webp','image',NULL,'image/webp',144622,'2025-10-20 08:33:57','2025-10-20 08:33:57',6,1),(402,24,'8119671733566465221-d','wallpapers/1760949237_aWNzqn.webp','https://s3.us-east-005.backblazeb2.com/beast-wallpaper/wallpapers/1760949237_aWNzqn.webp','image',NULL,'image/webp',81616,'2025-10-20 08:33:57','2025-10-20 08:33:57',6,1),(403,24,'8175913101655877396-d','wallpapers/1760949237_fOV5fV.jpeg','https://s3.us-east-005.backblazeb2.com/beast-wallpaper/wallpapers/1760949237_fOV5fV.jpeg','image',NULL,'image/jpeg',55017,'2025-10-20 08:33:57','2025-10-20 08:33:57',6,1),(404,24,'8178927590152949384-d','wallpapers/1760949237_NEOIkh.jpeg','https://s3.us-east-005.backblazeb2.com/beast-wallpaper/wallpapers/1760949237_NEOIkh.jpeg','image',NULL,'image/jpeg',451610,'2025-10-20 08:33:58','2025-10-20 08:33:58',6,1),(405,24,'8189049608415258728-d','wallpapers/1760949238_6eITSb.jpeg','https://s3.us-east-005.backblazeb2.com/beast-wallpaper/wallpapers/1760949238_6eITSb.jpeg','image',NULL,'image/jpeg',120679,'2025-10-20 08:33:58','2025-10-20 08:33:58',6,1),(406,24,'8242543985714930933-d','wallpapers/1760949238_JsfpGo.jpeg','https://s3.us-east-005.backblazeb2.com/beast-wallpaper/wallpapers/1760949238_JsfpGo.jpeg','image',NULL,'image/jpeg',79700,'2025-10-20 08:33:58','2025-10-20 08:33:58',6,1),(407,24,'8298587485538527954-d','wallpapers/1760949238_4fGTiF.jpeg','https://s3.us-east-005.backblazeb2.com/beast-wallpaper/wallpapers/1760949238_4fGTiF.jpeg','image',NULL,'image/jpeg',33684,'2025-10-20 08:33:58','2025-10-20 08:33:58',6,1),(408,24,'8311834630089534974-d','wallpapers/1760949238_8mg0sA.jpeg','https://s3.us-east-005.backblazeb2.com/beast-wallpaper/wallpapers/1760949238_8mg0sA.jpeg','image',NULL,'image/jpeg',375159,'2025-10-20 08:33:58','2025-10-20 08:33:58',6,1),(409,24,'8357714951929294808-d','wallpapers/1760949238_LteyVr.jpeg','https://s3.us-east-005.backblazeb2.com/beast-wallpaper/wallpapers/1760949238_LteyVr.jpeg','image',NULL,'image/jpeg',258799,'2025-10-20 08:33:58','2025-10-20 08:33:58',6,1),(410,24,'8407493083573918337-d','wallpapers/1760949771_6pBlms.jpeg','https://s3.us-east-005.backblazeb2.com/beast-wallpaper/wallpapers/1760949771_6pBlms.jpeg','image',NULL,'image/jpeg',134085,'2025-10-20 08:42:52','2025-10-20 08:42:52',6,1),(411,24,'8418532682555765481-d','wallpapers/1760949772_KeLYyC.jpeg','https://s3.us-east-005.backblazeb2.com/beast-wallpaper/wallpapers/1760949772_KeLYyC.jpeg','image',NULL,'image/jpeg',76292,'2025-10-20 08:42:52','2025-10-20 08:42:52',6,1),(412,24,'8452877555898345982-d','wallpapers/1760949772_3VbNu7.jpeg','https://s3.us-east-005.backblazeb2.com/beast-wallpaper/wallpapers/1760949772_3VbNu7.jpeg','image',NULL,'image/jpeg',25874,'2025-10-20 08:42:52','2025-10-20 08:42:52',6,1),(413,24,'8507745394756124200-d','wallpapers/1760949772_KaScKG.jpeg','https://s3.us-east-005.backblazeb2.com/beast-wallpaper/wallpapers/1760949772_KaScKG.jpeg','image',NULL,'image/jpeg',109544,'2025-10-20 08:42:53','2025-10-20 08:42:53',6,1),(414,24,'8525526092150629735-d','wallpapers/1760949773_OAN5kY.jpeg','https://s3.us-east-005.backblazeb2.com/beast-wallpaper/wallpapers/1760949773_OAN5kY.jpeg','image',NULL,'image/jpeg',52433,'2025-10-20 08:42:53','2025-10-20 08:42:53',6,1),(415,24,'8534541956795837078-d','wallpapers/1760949773_i5Eb83.jpeg','https://s3.us-east-005.backblazeb2.com/beast-wallpaper/wallpapers/1760949773_i5Eb83.jpeg','image',NULL,'image/jpeg',66954,'2025-10-20 08:42:53','2025-10-20 08:42:53',6,1),(416,24,'8543736105657878046-d','wallpapers/1760949773_DCDW2e.jpeg','https://s3.us-east-005.backblazeb2.com/beast-wallpaper/wallpapers/1760949773_DCDW2e.jpeg','image',NULL,'image/jpeg',382567,'2025-10-20 08:42:53','2025-10-20 08:42:53',6,1),(417,24,'8552941743933290843-d','wallpapers/1760949773_7P5yTB.jpeg','https://s3.us-east-005.backblazeb2.com/beast-wallpaper/wallpapers/1760949773_7P5yTB.jpeg','image',NULL,'image/jpeg',65587,'2025-10-20 08:42:53','2025-10-20 08:42:53',6,1),(418,24,'8556226585754811483-d','wallpapers/1760949773_7n9Zuu.jpeg','https://s3.us-east-005.backblazeb2.com/beast-wallpaper/wallpapers/1760949773_7n9Zuu.jpeg','image',NULL,'image/jpeg',119364,'2025-10-20 08:42:54','2025-10-20 08:42:54',6,1),(419,24,'8560050408665770931-d','wallpapers/1760949774_VsRgml.jpeg','https://s3.us-east-005.backblazeb2.com/beast-wallpaper/wallpapers/1760949774_VsRgml.jpeg','image',NULL,'image/jpeg',93500,'2025-10-20 08:42:54','2025-10-20 08:42:54',6,1),(420,24,'8563596184981420722-d','wallpapers/1760949774_kfArlf.jpeg','https://s3.us-east-005.backblazeb2.com/beast-wallpaper/wallpapers/1760949774_kfArlf.jpeg','image',NULL,'image/jpeg',335890,'2025-10-20 08:42:54','2025-10-20 08:42:54',6,1),(421,24,'8647877481590598255-d','wallpapers/1760949774_d5rp9U.jpeg','https://s3.us-east-005.backblazeb2.com/beast-wallpaper/wallpapers/1760949774_d5rp9U.jpeg','image',NULL,'image/jpeg',68515,'2025-10-20 08:42:54','2025-10-20 08:42:54',6,1),(422,24,'8649386933625541478-d','wallpapers/1760949774_81piAh.jpeg','https://s3.us-east-005.backblazeb2.com/beast-wallpaper/wallpapers/1760949774_81piAh.jpeg','image',NULL,'image/jpeg',164758,'2025-10-20 08:42:54','2025-10-20 08:42:54',6,1),(423,24,'8652717325466119361-d','wallpapers/1760949774_Wv4jZI.webp','https://s3.us-east-005.backblazeb2.com/beast-wallpaper/wallpapers/1760949774_Wv4jZI.webp','image',NULL,'image/webp',137206,'2025-10-20 08:42:55','2025-10-20 08:42:55',6,1),(424,24,'8679151321163452676-d','wallpapers/1760949775_tUHpaz.jpeg','https://s3.us-east-005.backblazeb2.com/beast-wallpaper/wallpapers/1760949775_tUHpaz.jpeg','image',NULL,'image/jpeg',39154,'2025-10-20 08:42:55','2025-10-20 08:42:55',6,1),(425,24,'8684537118655248552-d','wallpapers/1760949775_C84apb.jpeg','https://s3.us-east-005.backblazeb2.com/beast-wallpaper/wallpapers/1760949775_C84apb.jpeg','image',NULL,'image/jpeg',79992,'2025-10-20 08:42:55','2025-10-20 08:42:55',6,1),(426,24,'8689488804295527011-d','wallpapers/1760949775_KAAEj9.jpeg','https://s3.us-east-005.backblazeb2.com/beast-wallpaper/wallpapers/1760949775_KAAEj9.jpeg','image',NULL,'image/jpeg',153888,'2025-10-20 08:42:55','2025-10-20 08:42:55',6,1),(427,24,'8725148234058266991-d','wallpapers/1760949775_a10M5q.jpeg','https://s3.us-east-005.backblazeb2.com/beast-wallpaper/wallpapers/1760949775_a10M5q.jpeg','image',NULL,'image/jpeg',907132,'2025-10-20 08:42:55','2025-10-20 08:42:55',6,1),(428,24,'8738439505432493129-d','wallpapers/1760949775_OPNnkc.jpeg','https://s3.us-east-005.backblazeb2.com/beast-wallpaper/wallpapers/1760949775_OPNnkc.jpeg','image',NULL,'image/jpeg',111104,'2025-10-20 08:42:56','2025-10-20 08:42:56',6,1),(429,24,'8756109499447281620-d','wallpapers/1760949776_vtB3J2.jpeg','https://s3.us-east-005.backblazeb2.com/beast-wallpaper/wallpapers/1760949776_vtB3J2.jpeg','image',NULL,'image/jpeg',327516,'2025-10-20 08:42:56','2025-10-20 08:42:56',6,1),(430,24,'8785869436732826999-d','wallpapers/1760949801_3WZD5b.jpeg','https://s3.us-east-005.backblazeb2.com/beast-wallpaper/wallpapers/1760949801_3WZD5b.jpeg','image',NULL,'image/jpeg',79590,'2025-10-20 08:43:21','2025-10-20 08:43:21',6,1),(431,24,'8810974349335225934-d','wallpapers/1760949801_T9GKlO.jpeg','https://s3.us-east-005.backblazeb2.com/beast-wallpaper/wallpapers/1760949801_T9GKlO.jpeg','image',NULL,'image/jpeg',70966,'2025-10-20 08:43:21','2025-10-20 08:43:21',6,1),(432,24,'8847192450789430032-d','wallpapers/1760949801_oROTQW.jpeg','https://s3.us-east-005.backblazeb2.com/beast-wallpaper/wallpapers/1760949801_oROTQW.jpeg','image',NULL,'image/jpeg',355329,'2025-10-20 08:43:22','2025-10-20 08:43:22',6,1),(433,24,'8869846517352277111-d','wallpapers/1760949802_KSKNDI.jpeg','https://s3.us-east-005.backblazeb2.com/beast-wallpaper/wallpapers/1760949802_KSKNDI.jpeg','image',NULL,'image/jpeg',34093,'2025-10-20 08:43:22','2025-10-20 08:43:22',6,1),(434,24,'8879417673355845509-d','wallpapers/1760949802_80yVqw.jpeg','https://s3.us-east-005.backblazeb2.com/beast-wallpaper/wallpapers/1760949802_80yVqw.jpeg','image',NULL,'image/jpeg',61969,'2025-10-20 08:43:22','2025-10-20 08:43:22',6,1),(435,24,'8953745762140405702-d','wallpapers/1760949802_AjSbar.jpeg','https://s3.us-east-005.backblazeb2.com/beast-wallpaper/wallpapers/1760949802_AjSbar.jpeg','image',NULL,'image/jpeg',196758,'2025-10-20 08:43:22','2025-10-20 08:43:22',6,1),(436,24,'8977584497457404579-d','wallpapers/1760949802_tzifE2.jpeg','https://s3.us-east-005.backblazeb2.com/beast-wallpaper/wallpapers/1760949802_tzifE2.jpeg','image',NULL,'image/jpeg',104306,'2025-10-20 08:43:22','2025-10-20 08:43:22',6,1),(437,24,'8983479256408522161-d','wallpapers/1760949802_lS3ozJ.jpeg','https://s3.us-east-005.backblazeb2.com/beast-wallpaper/wallpapers/1760949802_lS3ozJ.jpeg','image',NULL,'image/jpeg',282692,'2025-10-20 08:43:22','2025-10-20 08:43:22',6,1),(438,24,'9019787182385529449-d','wallpapers/1760949802_v78YNw.jpeg','https://s3.us-east-005.backblazeb2.com/beast-wallpaper/wallpapers/1760949802_v78YNw.jpeg','image',NULL,'image/jpeg',263131,'2025-10-20 08:43:23','2025-10-20 08:43:23',6,1),(439,24,'9022415790577987348-d','wallpapers/1760949803_23ERZ3.jpeg','https://s3.us-east-005.backblazeb2.com/beast-wallpaper/wallpapers/1760949803_23ERZ3.jpeg','image',NULL,'image/jpeg',52397,'2025-10-20 08:43:23','2025-10-20 08:43:23',6,1),(440,24,'9045828865929926097-d','wallpapers/1760949803_2tqnLb.jpeg','https://s3.us-east-005.backblazeb2.com/beast-wallpaper/wallpapers/1760949803_2tqnLb.jpeg','image',NULL,'image/jpeg',539143,'2025-10-20 08:43:23','2025-10-20 08:43:23',6,1),(441,24,'9049570594823273902-d','wallpapers/1760949803_FQpPs0.jpeg','https://s3.us-east-005.backblazeb2.com/beast-wallpaper/wallpapers/1760949803_FQpPs0.jpeg','image',NULL,'image/jpeg',193070,'2025-10-20 08:43:23','2025-10-20 08:43:23',6,1),(442,24,'9052993279024478350-d','wallpapers/1760949803_yvVKVh.jpeg','https://s3.us-east-005.backblazeb2.com/beast-wallpaper/wallpapers/1760949803_yvVKVh.jpeg','image',NULL,'image/jpeg',112894,'2025-10-20 08:43:23','2025-10-20 08:43:23',6,1),(443,24,'9090455161198572747-d','wallpapers/1760949803_a81laH.jpeg','https://s3.us-east-005.backblazeb2.com/beast-wallpaper/wallpapers/1760949803_a81laH.jpeg','image',NULL,'image/jpeg',113763,'2025-10-20 08:43:23','2025-10-20 08:43:23',6,1),(444,24,'9120107475996854157-d','wallpapers/1760949803_5J2Emt.jpeg','https://s3.us-east-005.backblazeb2.com/beast-wallpaper/wallpapers/1760949803_5J2Emt.jpeg','image',NULL,'image/jpeg',117609,'2025-10-20 08:43:24','2025-10-20 08:43:24',6,1),(445,24,'9155576076776258803-d','wallpapers/1760949804_tdCBu4.jpeg','https://s3.us-east-005.backblazeb2.com/beast-wallpaper/wallpapers/1760949804_tdCBu4.jpeg','image',NULL,'image/jpeg',800185,'2025-10-20 08:43:24','2025-10-20 08:43:24',6,1),(446,24,'9158962247803642158-d','wallpapers/1760949804_r6AAel.jpeg','https://s3.us-east-005.backblazeb2.com/beast-wallpaper/wallpapers/1760949804_r6AAel.jpeg','image',NULL,'image/jpeg',579150,'2025-10-20 08:43:24','2025-10-20 08:43:24',6,1),(447,24,'9170689251488854208-d','wallpapers/1760949804_nPYs6i.jpeg','https://s3.us-east-005.backblazeb2.com/beast-wallpaper/wallpapers/1760949804_nPYs6i.jpeg','image',NULL,'image/jpeg',95512,'2025-10-20 08:43:24','2025-10-20 08:43:24',6,1),(448,24,'9171350556599715940-d','wallpapers/1760949804_vgJKq0.jpeg','https://s3.us-east-005.backblazeb2.com/beast-wallpaper/wallpapers/1760949804_vgJKq0.jpeg','image',NULL,'image/jpeg',197498,'2025-10-20 08:43:24','2025-10-20 08:43:24',6,1),(449,24,'9171885047548992329-d','wallpapers/1760949804_6dQnBR.jpeg','https://s3.us-east-005.backblazeb2.com/beast-wallpaper/wallpapers/1760949804_6dQnBR.jpeg','image',NULL,'image/jpeg',215139,'2025-10-20 08:43:25','2025-10-20 08:43:25',6,1),(450,24,'9204365515879546297-d','wallpapers/1760949830_dyd6ef.jpeg','https://s3.us-east-005.backblazeb2.com/beast-wallpaper/wallpapers/1760949830_dyd6ef.jpeg','image',NULL,'image/jpeg',204869,'2025-10-20 08:43:50','2025-10-20 08:43:50',6,1),(451,24,'9217391578853294599-d','wallpapers/1760949831_GjmGpR.jpeg','https://s3.us-east-005.backblazeb2.com/beast-wallpaper/wallpapers/1760949831_GjmGpR.jpeg','image',NULL,'image/jpeg',92653,'2025-10-20 08:43:51','2025-10-20 08:43:51',6,1),(452,24,'9396455267208281148-d','wallpapers/1760949831_MBn1SO.jpeg','https://s3.us-east-005.backblazeb2.com/beast-wallpaper/wallpapers/1760949831_MBn1SO.jpeg','image',NULL,'image/jpeg',72369,'2025-10-20 08:43:51','2025-10-20 08:43:51',6,1),(453,24,'9407854613877559853-d','wallpapers/1760949831_Zc3I58.jpeg','https://s3.us-east-005.backblazeb2.com/beast-wallpaper/wallpapers/1760949831_Zc3I58.jpeg','image',NULL,'image/jpeg',39749,'2025-10-20 08:43:51','2025-10-20 08:43:51',6,1),(454,24,'9413331503654073475-d','wallpapers/1760949831_sfLRAl.jpeg','https://s3.us-east-005.backblazeb2.com/beast-wallpaper/wallpapers/1760949831_sfLRAl.jpeg','image',NULL,'image/jpeg',200334,'2025-10-20 08:43:51','2025-10-20 08:43:51',6,1),(455,24,'9415778221513817866-d','wallpapers/1760949831_W6BHcJ.jpeg','https://s3.us-east-005.backblazeb2.com/beast-wallpaper/wallpapers/1760949831_W6BHcJ.jpeg','image',NULL,'image/jpeg',153653,'2025-10-20 08:43:51','2025-10-20 08:43:51',6,1),(456,24,'9417942810728559938-d','wallpapers/1760949831_nhOqra.jpeg','https://s3.us-east-005.backblazeb2.com/beast-wallpaper/wallpapers/1760949831_nhOqra.jpeg','image',NULL,'image/jpeg',328140,'2025-10-20 08:43:51','2025-10-20 08:43:51',6,1),(457,24,'9437586725805114917-d','wallpapers/1760949831_uZryyR.jpeg','https://s3.us-east-005.backblazeb2.com/beast-wallpaper/wallpapers/1760949831_uZryyR.jpeg','image',NULL,'image/jpeg',96303,'2025-10-20 08:43:52','2025-10-20 08:43:52',6,1),(458,24,'9529748988662950290-d','wallpapers/1760949832_UNJOLl.jpeg','https://s3.us-east-005.backblazeb2.com/beast-wallpaper/wallpapers/1760949832_UNJOLl.jpeg','image',NULL,'image/jpeg',603921,'2025-10-20 08:43:52','2025-10-20 08:43:52',6,1),(459,24,'9587842383385171578-d','wallpapers/1760949832_1AF1fX.jpeg','https://s3.us-east-005.backblazeb2.com/beast-wallpaper/wallpapers/1760949832_1AF1fX.jpeg','image',NULL,'image/jpeg',55611,'2025-10-20 08:43:52','2025-10-20 08:43:52',6,1),(460,24,'9591571174041646166-d','wallpapers/1760949832_tB6eAg.jpeg','https://s3.us-east-005.backblazeb2.com/beast-wallpaper/wallpapers/1760949832_tB6eAg.jpeg','image',NULL,'image/jpeg',230460,'2025-10-20 08:43:52','2025-10-20 08:43:52',6,1),(461,24,'9597681482505747858-d','wallpapers/1760949832_DI6XCm.jpeg','https://s3.us-east-005.backblazeb2.com/beast-wallpaper/wallpapers/1760949832_DI6XCm.jpeg','image',NULL,'image/jpeg',68515,'2025-10-20 08:43:52','2025-10-20 08:43:52',6,1),(462,24,'9659726354573507725-d','wallpapers/1760949832_XHEkJi.jpeg','https://s3.us-east-005.backblazeb2.com/beast-wallpaper/wallpapers/1760949832_XHEkJi.jpeg','image',NULL,'image/jpeg',91584,'2025-10-20 08:43:53','2025-10-20 08:43:53',6,1),(463,24,'9664525376418983035-d','wallpapers/1760949833_xgSLiU.jpeg','https://s3.us-east-005.backblazeb2.com/beast-wallpaper/wallpapers/1760949833_xgSLiU.jpeg','image',NULL,'image/jpeg',68926,'2025-10-20 08:43:53','2025-10-20 08:43:53',6,1),(464,24,'9677605442553446418-d','wallpapers/1760949833_Lh5qrm.jpeg','https://s3.us-east-005.backblazeb2.com/beast-wallpaper/wallpapers/1760949833_Lh5qrm.jpeg','image',NULL,'image/jpeg',752756,'2025-10-20 08:43:53','2025-10-20 08:43:53',6,1),(465,24,'9715200592585365262-d','wallpapers/1760949833_cQBOCU.jpeg','https://s3.us-east-005.backblazeb2.com/beast-wallpaper/wallpapers/1760949833_cQBOCU.jpeg','image',NULL,'image/jpeg',99056,'2025-10-20 08:43:53','2025-10-20 08:43:53',6,1),(466,24,'9738584414308096313-d','wallpapers/1760949833_tGeHbM.jpeg','https://s3.us-east-005.backblazeb2.com/beast-wallpaper/wallpapers/1760949833_tGeHbM.jpeg','image',NULL,'image/jpeg',215785,'2025-10-20 08:43:53','2025-10-20 08:43:53',6,1),(467,24,'9740155159216048779-d','wallpapers/1760949833_3ZHc30.jpeg','https://s3.us-east-005.backblazeb2.com/beast-wallpaper/wallpapers/1760949833_3ZHc30.jpeg','image',NULL,'image/jpeg',22940,'2025-10-20 08:43:53','2025-10-20 08:43:53',6,1),(468,24,'9750479724511444120-d','wallpapers/1760949833_HRQBk8.jpeg','https://s3.us-east-005.backblazeb2.com/beast-wallpaper/wallpapers/1760949833_HRQBk8.jpeg','image',NULL,'image/jpeg',76632,'2025-10-20 08:43:53','2025-10-20 08:43:53',6,1),(469,24,'9755043011373364534-d','wallpapers/1760949833_0gYX7L.jpeg','https://s3.us-east-005.backblazeb2.com/beast-wallpaper/wallpapers/1760949833_0gYX7L.jpeg','image',NULL,'image/jpeg',268727,'2025-10-20 08:43:54','2025-10-20 08:43:54',6,1),(470,24,'9757449515854729843-d','wallpapers/1760949851_cwJiHG.jpeg','https://s3.us-east-005.backblazeb2.com/beast-wallpaper/wallpapers/1760949851_cwJiHG.jpeg','image',NULL,'image/jpeg',34704,'2025-10-20 08:44:11','2025-10-20 08:44:11',6,1),(471,24,'9757675323274565059-d','wallpapers/1760949851_49YmhP.jpeg','https://s3.us-east-005.backblazeb2.com/beast-wallpaper/wallpapers/1760949851_49YmhP.jpeg','image',NULL,'image/jpeg',259401,'2025-10-20 08:44:12','2025-10-20 08:44:12',6,1),(472,24,'9777954044545879784-d','wallpapers/1760949852_XvA63n.jpeg','https://s3.us-east-005.backblazeb2.com/beast-wallpaper/wallpapers/1760949852_XvA63n.jpeg','image',NULL,'image/jpeg',45883,'2025-10-20 08:44:12','2025-10-20 08:44:12',6,1),(473,24,'9798398535995221714-d','wallpapers/1760949852_ljaHm2.jpeg','https://s3.us-east-005.backblazeb2.com/beast-wallpaper/wallpapers/1760949852_ljaHm2.jpeg','image',NULL,'image/jpeg',88869,'2025-10-20 08:44:12','2025-10-20 08:44:12',6,1),(474,24,'9864871258077549855-d','wallpapers/1760949852_R6ykPy.jpeg','https://s3.us-east-005.backblazeb2.com/beast-wallpaper/wallpapers/1760949852_R6ykPy.jpeg','image',NULL,'image/jpeg',127238,'2025-10-20 08:44:12','2025-10-20 08:44:12',6,1),(475,24,'9874587552588423589-d','wallpapers/1760949852_BGFeuv.jpeg','https://s3.us-east-005.backblazeb2.com/beast-wallpaper/wallpapers/1760949852_BGFeuv.jpeg','image',NULL,'image/jpeg',32073,'2025-10-20 08:44:12','2025-10-20 08:44:12',6,1),(476,24,'9878859560174553347-d','wallpapers/1760949852_MNL77b.jpeg','https://s3.us-east-005.backblazeb2.com/beast-wallpaper/wallpapers/1760949852_MNL77b.jpeg','image',NULL,'image/jpeg',39595,'2025-10-20 08:44:12','2025-10-20 08:44:12',6,1),(477,24,'9987419352034852343-d','wallpapers/1760949852_PjM2qr.jpeg','https://s3.us-east-005.backblazeb2.com/beast-wallpaper/wallpapers/1760949852_PjM2qr.jpeg','image',NULL,'image/jpeg',56593,'2025-10-20 08:44:12','2025-10-20 08:44:12',6,1),(478,24,'9990728178814954532-d','wallpapers/1760949852_st4l7r.jpeg','https://s3.us-east-005.backblazeb2.com/beast-wallpaper/wallpapers/1760949852_st4l7r.jpeg','image',NULL,'image/jpeg',114721,'2025-10-20 08:44:13','2025-10-20 08:44:13',6,1);
/*!40000 ALTER TABLE `wallpapers` ENABLE KEYS */;
UNLOCK TABLES;
/*!40103 SET TIME_ZONE=@OLD_TIME_ZONE */;

/*!40101 SET SQL_MODE=@OLD_SQL_MODE */;
/*!40014 SET FOREIGN_KEY_CHECKS=@OLD_FOREIGN_KEY_CHECKS */;
/*!40014 SET UNIQUE_CHECKS=@OLD_UNIQUE_CHECKS */;
/*!40101 SET CHARACTER_SET_CLIENT=@OLD_CHARACTER_SET_CLIENT */;
/*!40101 SET CHARACTER_SET_RESULTS=@OLD_CHARACTER_SET_RESULTS */;
/*!40101 SET COLLATION_CONNECTION=@OLD_COLLATION_CONNECTION */;
/*!40111 SET SQL_NOTES=@OLD_SQL_NOTES */;

-- Dump completed on 2025-10-22 13:57:59
